Date time (UTC),Geographic longitude (deg),Geographic latitude (deg),Geomagnetic latitude (deg),Magnetic local time,Solar zenith angle (deg),"Colours, naked eye","Colours, camera",Special forms
2024-05-11 00:00:00+00:00,-1.4,48.1,43.5,0.4,113.9,"red,green",,
2024-05-11 03:20:00+00:00,-99.1,50.4,59.1,20.5,99.6,"red,purple/pink/magenta","red,green,blue,purple/pink/magenta",
2024-05-10 21:45:00+00:00,2.5,57.3,54.4,22.6,100.6,"red,green,purple/pink/magenta","red,green,blue,purple/pink/magenta",
2024-05-11 04:00:00+00:00,-99.0,50.2,58.9,21.2,104.0,green,,
2024-05-11 03:11:00+00:00,-99.5,50.2,58.9,20.3,98.5,purple/pink/magenta,"green,purple/pink/magenta",
2024-05-11 04:30:00+00:00,-96.8,49.6,58.4,21.9,107.9,"red,green,purple/pink/magenta","red,green,purple/pink/magenta",
2024-05-10 00:35:00+00:00,6.9,52.2,48.4,1.5,108.6,purple/pink/magenta,purple/pink/magenta,
2024-05-10 20:20:00+00:00,4.9,51.8,47.9,21.2,98.2,purple/pink/magenta,"green,blue,purple/pink/magenta",
2024-05-10 21:00:00+00:00,4.6,52.5,48.7,21.8,101.7,"green,purple/pink/magenta","green,blue,purple/pink/magenta",
2024-05-09 22:15:00+00:00,5.3,52.2,48.4,23.1,108.0,purple/pink/magenta,"green,purple/pink/magenta",
2024-05-10 22:00:00+00:00,7.0,52.3,48.5,23.0,107.2,"red,green,purple/pink/magenta","red,green,blue,purple/pink/magenta",
2024-05-11 03:55:00+00:00,-97.2,49.9,58.8,21.3,104.4,"green,purple/pink/magenta","green,purple/pink/magenta",
2024-05-11 03:15:00+00:00,-99.9,49.8,58.5,20.4,99.0,"green,purple/pink/magenta","green,blue,purple/pink/magenta",
2024-05-10 21:05:00+00:00,5.9,47.8,43.1,21.9,106.4,"red,green,purple/pink/magenta","red,green,purple/pink/magenta",
2024-05-12 22:30:00+00:00,4.6,52.6,48.9,23.3,107.4,purple/pink/magenta,purple/pink/magenta,
2024-05-10 22:56:00+00:00,4.6,52.5,48.8,23.7,109.0,"red,green,purple/pink/magenta","red,green,purple/pink/magenta",
2024-05-10 22:15:00+00:00,4.4,52.2,48.4,23.1,107.5,"red,green,purple/pink/magenta","red,green,blue,purple/pink/magenta",
2024-05-09 22:30:00+00:00,5.0,52.1,48.3,23.3,108.8,"green,purple/pink/magenta","green,purple/pink/magenta",
2024-05-11 04:42:00+00:00,-97.2,49.9,58.8,22.0,108.3,"green,purple/pink/magenta","green,purple/pink/magenta",
2024-05-10 22:30:00+00:00,4.4,52.2,48.4,23.3,108.3,"red,green,purple/pink/magenta","red,green,blue,purple/pink/magenta",
2024-05-10 20:29:00+00:00,5.4,52.5,48.7,21.4,98.9,purple/pink/magenta,"red,green,blue,purple/pink/magenta",STEVE
2024-05-10 23:00:00+00:00,6.0,52.4,48.6,23.9,109.3,"green,purple/pink/magenta","green,purple/pink/magenta",
2024-05-10 20:23:00+00:00,4.5,52.1,48.2,21.2,98.2,,red,
2024-05-10 21:30:00+00:00,3.6,51.5,47.6,22.3,104.8,purple/pink/magenta,purple/pink/magenta,
2024-05-10 23:16:00+00:00,5.1,52.6,48.9,0.1,109.3,purple/pink/magenta,"red,green,blue,purple/pink/magenta",
2024-05-10 23:15:00+00:00,6.7,53.0,49.3,0.2,109.0,purple/pink/magenta,"green,purple/pink/magenta",
2024-05-10 20:30:00+00:00,6.4,52.3,48.5,21.4,99.6,"red,green,blue,purple/pink/magenta","red,green,blue,purple/pink/magenta",Dunes
2024-05-10 20:40:00+00:00,6.0,52.0,48.1,21.6,100.7,"green,purple/pink/magenta",purple/pink/magenta,
2024-05-10 22:15:00+00:00,5.2,51.6,47.7,23.1,108.3,purple/pink/magenta,"green,purple/pink/magenta",
2024-05-10 19:28:00+00:00,6.0,52.1,48.3,20.4,92.3,"red,green","red,green",
2024-05-10 20:32:00+00:00,5.6,51.8,47.9,21.4,99.8,purple/pink/magenta,"red,green,blue,purple/pink/magenta",
2024-05-10 19:53:00+00:00,4.7,52.8,49.1,20.7,94.3,"green,purple/pink/magenta","red,green,blue,purple/pink/magenta",
2024-05-10 21:31:00+00:00,4.6,52.7,49.0,22.4,104.2,"red,green,blue,purple/pink/magenta","red,green,blue,purple/pink/magenta",
2024-05-10 22:05:00+00:00,5.4,52.5,48.7,23.0,107.0,"green,purple/pink/magenta","green,purple/pink/magenta",
2024-05-10 23:10:00+00:00,5.4,52.6,48.9,0.0,109.2,"blue,purple/pink/magenta","green,blue,purple/pink/magenta",
2024-05-10 21:36:00+00:00,6.0,51.2,47.2,22.5,106.3,purple/pink/magenta,purple/pink/magenta,
2024-05-10 22:30:00+00:00,5.7,52.7,49.0,23.4,108.0,purple/pink/magenta,"red,green,purple/pink/magenta",
2024-05-10 23:05:00+00:00,5.0,52.1,48.3,23.9,109.6,"red,green,purple/pink/magenta","red,green,purple/pink/magenta",
2024-05-10 20:30:00+00:00,6.2,52.8,49.1,21.4,99.2,"red,purple/pink/magenta","red,green,purple/pink/magenta",
2024-05-11 22:15:00+00:00,6.0,53.3,49.7,23.2,106.6,purple/pink/magenta,purple/pink/magenta,
2024-05-10 21:00:00+00:00,4.6,51.8,48.0,21.8,102.2,purple/pink/magenta,"red,green,blue,purple/pink/magenta",
2024-05-10 20:50:00+00:00,3.9,51.8,47.9,21.6,101.0,purple/pink/magenta,"red,green,blue,purple/pink/magenta",
2024-05-10 20:27:00+00:00,4.5,52.1,48.2,21.3,98.6,"green,blue,purple/pink/magenta","green,blue,purple/pink/magenta",
2024-05-10 21:00:00+00:00,4.7,52.0,48.2,21.8,102.1,"red,green,purple/pink/magenta","red,green,blue,purple/pink/magenta",
2024-05-10 22:15:00+00:00,4.0,52.0,48.1,23.0,107.7,purple/pink/magenta,"green,purple/pink/magenta",
2024-05-10 20:45:00+00:00,5.1,52.4,48.6,21.6,100.5,"red,green,purple/pink/magenta","red,green,blue,purple/pink/magenta",
2024-05-10 21:00:00+00:00,5.8,52.1,48.2,21.9,102.5,purple/pink/magenta,"green,purple/pink/magenta",
2024-05-10 20:30:00+00:00,3.5,51.6,47.7,21.3,98.9,"red,green,purple/pink/magenta","red,green,purple/pink/magenta",
2024-05-10 21:30:00+00:00,6.4,53.0,49.3,22.5,104.4,"red,green,blue,purple/pink/magenta","red,green,blue,purple/pink/magenta",Dunes
2024-05-11 01:20:00+00:00,14.4,49.9,45.8,2.6,105.3,purple/pink/magenta,purple/pink/magenta,
2024-05-10 21:00:00+00:00,4.5,52.3,48.5,21.8,101.8,purple/pink/magenta,"green,purple/pink/magenta",
2024-05-10 20:45:00+00:00,5.4,51.7,47.8,21.6,101.1,purple/pink/magenta,purple/pink/magenta,
2024-05-11 22:28:00+00:00,5.9,51.0,47.0,23.3,109.4,"green,purple/pink/magenta","green,purple/pink/magenta",Dunes
2024-05-10 20:30:00+00:00,4.6,51.9,48.0,21.3,99.1,"red,green,purple/pink/magenta","red,green,blue,purple/pink/magenta",
2024-05-10 20:30:00+00:00,4.6,52.1,48.3,21.3,99.0,purple/pink/magenta,"red,green,purple/pink/magenta",
2024-05-10 00:30:00+00:00,4.1,51.6,47.7,1.2,109.8,"green,purple/pink/magenta","red,green,blue,purple/pink/magenta",
2024-05-11 22:30:00+00:00,4.6,52.6,48.9,23.3,107.7,"red,blue,purple/pink/magenta","red,green,blue,purple/pink/magenta",
2024-05-10 20:30:00+00:00,6.1,52.5,48.8,21.4,99.3,"green,purple/pink/magenta","red,green,blue,purple/pink/magenta",
2024-05-10 21:00:00+00:00,4.3,51.8,48.0,21.8,102.1,purple/pink/magenta,"green,purple/pink/magenta",
2024-05-10 20:20:00+00:00,4.2,52.1,48.3,21.2,97.7,"green,blue,purple/pink/magenta","green,blue,purple/pink/magenta",
2024-05-10 23:30:00+00:00,6.1,52.8,49.1,0.4,109.3,"green,purple/pink/magenta","red,green,blue,purple/pink/magenta",
2024-05-10 22:45:00+00:00,5.0,52.8,49.1,23.6,108.4,"red,green","red,green,blue",
2024-05-10 21:15:00+00:00,6.2,52.3,48.5,22.2,103.8,"red,green,purple/pink/magenta","red,green,blue,purple/pink/magenta",
2024-05-10 22:31:00+00:00,5.5,51.6,47.7,23.4,109.1,"green,purple/pink/magenta","green,purple/pink/magenta",
2024-05-10 21:50:00+00:00,5.3,51.7,47.7,22.7,106.7,"red,purple/pink/magenta","red,green,blue,purple/pink/magenta",
2024-05-10 21:17:00+00:00,4.2,51.8,47.9,22.1,103.7,purple/pink/magenta,"blue,purple/pink/magenta",
2024-05-11 21:30:00+00:00,6.0,53.1,49.4,22.4,104.0,"red,green,blue,purple/pink/magenta","red,green,blue,purple/pink/magenta",
2024-05-10 20:30:00+00:00,4.0,51.6,47.7,21.3,99.0,"red,green,purple/pink/magenta","red,green,purple/pink/magenta",
2024-05-12 23:20:00+00:00,6.1,53.1,49.5,0.2,108.4,,"green,blue,purple/pink/magenta",
2024-05-10 21:00:00+00:00,4.8,52.2,48.4,21.9,102.0,"red,green,purple/pink/magenta","red,green,blue,purple/pink/magenta",
2024-05-10 23:45:00+00:00,4.8,52.6,48.9,0.5,109.4,"red,green,purple/pink/magenta","red,green,blue,purple/pink/magenta",STEVE
2024-05-10 21:22:00+00:00,6.0,50.9,46.8,22.3,105.5,purple/pink/magenta,purple/pink/magenta,STEVE
2024-05-10 00:00:00+00:00,3.8,51.8,47.9,0.7,110.4,"red,green,purple/pink/magenta","red,green,purple/pink/magenta",
2024-05-10 22:31:00+00:00,-5.9,52.1,48.6,22.8,106.0,purple/pink/magenta,"green,purple/pink/magenta",
2024-05-10 22:17:00+00:00,5.4,51.3,47.3,23.1,108.7,purple/pink/magenta,"green,blue,purple/pink/magenta",
2024-05-10 21:00:00+00:00,4.5,52.3,48.5,21.8,101.8,"red,purple/pink/magenta","red,green,blue,purple/pink/magenta","Dunes,STEVE"
2024-05-09 22:40:00+00:00,9.6,55.7,52.4,23.8,106.2,"red,green,blue,purple/pink/magenta","red,green,blue,purple/pink/magenta",
2024-05-10 20:20:00+00:00,5.6,51.7,47.8,21.2,98.6,"red,purple/pink/magenta","red,green,blue,purple/pink/magenta",
2024-05-10 21:30:00+00:00,4.6,52.6,48.9,22.3,104.2,"red,green,purple/pink/magenta","red,green,purple/pink/magenta",
2024-05-11 21:45:00+00:00,5.9,52.5,48.8,22.7,105.5,"red,green,purple/pink/magenta","red,green,purple/pink/magenta",
2024-05-09 23:30:00+00:00,5.7,52.0,48.1,0.3,110.3,"green,purple/pink/magenta","green,purple/pink/magenta",
2024-05-10 22:00:00+00:00,5.2,53.0,49.4,22.9,106.1,"red,green,purple/pink/magenta","red,green,blue,purple/pink/magenta",
2024-05-10 20:30:00+00:00,5.4,53.4,49.8,21.4,98.4,purple/pink/magenta,"red,green,blue,purple/pink/magenta",
2024-05-11 20:17:00+00:00,6.0,51.3,47.3,21.2,98.5,"green,purple/pink/magenta","red,green,blue,purple/pink/magenta",
2024-05-10 22:15:00+00:00,4.4,52.2,48.4,23.1,107.5,"green,blue,purple/pink/magenta","red,green,blue,purple/pink/magenta",
2024-05-11 00:30:00+00:00,5.0,52.6,48.9,1.3,108.5,"green,purple/pink/magenta","red,green,blue,purple/pink/magenta",
2024-05-10 20:49:00+00:00,6.3,52.8,49.1,21.8,101.1,"red,green,purple/pink/magenta","red,green,blue,purple/pink/magenta",
2024-05-10 21:00:00+00:00,5.4,52.2,48.4,21.9,102.2,"red,purple/pink/magenta","red,green,purple/pink/magenta",
2024-05-10 21:00:00+00:00,5.2,52.7,49.0,21.9,101.7,"red,green,purple/pink/magenta","green,blue,purple/pink/magenta",
2024-05-10 20:45:00+00:00,5.0,51.6,47.7,21.6,101.1,"red,green","red,green,blue",
2024-05-10 21:07:00+00:00,5.1,51.5,47.5,22.0,103.4,"green,purple/pink/magenta","red,green,blue,purple/pink/magenta",STEVE
2024-05-10 22:00:00+00:00,4.8,53.1,49.4,22.9,105.9,purple/pink/magenta,"red,green,purple/pink/magenta",
2024-05-10 21:00:00+00:00,8.0,50.6,46.4,22.0,104.5,red,"red,green",
2024-05-10 22:30:00+00:00,4.6,51.9,48.0,23.3,108.6,"green,purple/pink/magenta","red,green,blue,purple/pink/magenta",
2024-05-10 20:22:00+00:00,5.9,51.1,47.1,21.3,99.4,purple/pink/magenta,"green,purple/pink/magenta",
2024-05-10 21:45:00+00:00,5.1,52.5,48.8,22.6,105.5,"red,green,purple/pink/magenta","green,purple/pink/magenta",
2024-05-10 23:25:00+00:00,4.1,51.8,47.9,0.2,110.2,"blue,purple/pink/magenta","green,blue,purple/pink/magenta",
2024-05-11 21:45:00+00:00,5.5,51.5,47.6,22.6,106.3,"red,green,purple/pink/magenta","red,green,blue,purple/pink/magenta",
2024-05-11 20:00:00+00:00,4.7,52.0,48.1,20.8,95.5,blue,blue,
2024-05-10 00:30:00+00:00,3.6,51.4,47.4,1.2,110.1,purple/pink/magenta,"green,purple/pink/magenta",
2024-05-10 21:59:00+00:00,4.6,52.5,48.8,22.8,106.4,"green,purple/pink/magenta","red,green,blue,purple/pink/magenta","Dunes,STEVE"
2024-05-09 23:45:00+00:00,4.8,51.6,47.7,0.5,110.7,blue,"red,green,blue,purple/pink/magenta",
2024-05-10 20:27:00+00:00,5.5,53.1,49.5,21.4,98.3,"red,green,blue,purple/pink/magenta","red,green,blue,purple/pink/magenta",
2024-05-09 22:30:00+00:00,6.1,52.5,48.7,23.4,108.5,"green,blue,purple/pink/magenta","green,blue,purple/pink/magenta",
2024-05-10 21:25:00+00:00,4.8,51.6,47.7,22.3,104.7,purple/pink/magenta,"red,green,blue,purple/pink/magenta",
2024-05-09 22:41:00+00:00,7.0,53.0,49.3,23.6,108.6,"red,blue,purple/pink/magenta","red,green,blue,purple/pink/magenta",
2024-05-10 22:30:00+00:00,6.7,52.9,49.2,23.4,108.0,"green,purple/pink/magenta","red,green,blue,purple/pink/magenta",
2024-05-10 20:30:00+00:00,7.0,52.6,48.9,21.5,99.6,"red,purple/pink/magenta","red,green,purple/pink/magenta",
2024-05-10 22:10:00+00:00,4.4,52.2,48.4,23.0,107.3,"red,green,blue,purple/pink/magenta","red,green,blue,purple/pink/magenta",STEVE
2024-05-10 20:30:00+00:00,5.1,51.3,47.3,21.4,99.7,purple/pink/magenta,"green,purple/pink/magenta",
2024-05-11 22:49:00+00:00,4.7,52.3,48.5,23.6,108.7,purple/pink/magenta,purple/pink/magenta,
2024-05-10 20:30:00+00:00,5.3,52.7,49.0,21.4,98.8,"green,purple/pink/magenta","green,blue,purple/pink/magenta",
2024-05-10 20:30:00+00:00,6.2,52.1,48.3,21.4,99.6,purple/pink/magenta,"red,green,blue,purple/pink/magenta",
2024-05-11 23:22:00+00:00,6.7,53.4,49.8,0.3,108.4,,"red,purple/pink/magenta",
2024-05-10 22:15:00+00:00,5.0,52.1,48.3,23.1,107.8,"green,purple/pink/magenta","red,green,purple/pink/magenta",
2024-05-10 21:49:00+00:00,4.2,51.8,48.0,22.6,106.2,purple/pink/magenta,"red,green,blue,purple/pink/magenta",
2024-05-11 23:56:00+00:00,6.6,52.6,48.8,0.8,109.0,"red,green,blue,purple/pink/magenta","red,green,blue,purple/pink/magenta",
2024-05-10 20:22:00+00:00,7.1,52.8,49.1,21.4,98.7,"green,purple/pink/magenta","green,purple/pink/magenta",
2024-05-10 21:00:00+00:00,7.1,53.1,49.4,22.0,102.2,"green,purple/pink/magenta","green,purple/pink/magenta",STEVE
2024-05-10 22:58:00+00:00,4.4,52.1,48.3,23.8,109.4,"red,green","red,green",
2024-05-10 21:59:00+00:00,5.2,51.4,47.4,22.8,107.5,"red,green,purple/pink/magenta","red,green,purple/pink/magenta",
2024-05-10 22:50:00+00:00,-1.9,55.0,51.8,23.3,105.4,"red,green,blue,purple/pink/magenta","red,green,blue,purple/pink/magenta",
2024-05-10 22:33:00+00:00,-1.4,50.9,46.9,23.0,108.4,purple/pink/magenta,"green,purple/pink/magenta",
2024-05-10 22:00:00+00:00,-1.5,52.3,48.6,22.5,104.9,red,,
2024-05-11 22:30:00+00:00,10.4,53.6,50.0,23.7,107.6,purple/pink/magenta,purple/pink/magenta,
2024-05-10 21:50:00+00:00,8.0,51.9,48.1,22.9,107.2,"red,green,purple/pink/magenta","green,purple/pink/magenta",
2024-05-11 22:50:00+00:00,-1.4,50.9,47.0,23.3,109.1,purple/pink/magenta,"red,green,purple/pink/magenta",
2024-05-09 23:00:00+00:00,-1.4,50.9,47.0,23.4,110.1,purple/pink/magenta,"green,purple/pink/magenta",
2024-05-10 22:15:00+00:00,4.5,52.3,48.5,23.1,107.5,"red,green,purple/pink/magenta","red,green,blue,purple/pink/magenta",
2024-05-10 22:15:00+00:00,-1.4,50.9,47.0,22.7,107.3,"red,green,purple/pink/magenta","red,green,purple/pink/magenta",
2024-05-10 22:44:00+00:00,-1.4,50.9,47.0,23.2,109.0,purple/pink/magenta,"green,purple/pink/magenta",
2024-05-10 22:30:00+00:00,-4.3,55.9,53.0,22.9,103.0,"red,blue","blue,purple/pink/magenta",STEVE
2024-05-10 22:30:00+00:00,5.5,52.3,48.5,23.4,108.4,purple/pink/magenta,"green,blue,purple/pink/magenta",
2024-05-10 22:05:00+00:00,4.4,52.2,48.4,22.9,106.9,"red,green,blue,purple/pink/magenta","red,green,blue,purple/pink/magenta",
2024-05-10 22:15:00+00:00,4.5,52.2,48.4,23.1,107.6,purple/pink/magenta,"green,blue,purple/pink/magenta",
2024-05-10 22:30:00+00:00,25.0,60.2,57.2,0.6,101.8,"red,green,purple/pink/magenta","red,green,blue,purple/pink/magenta",
2024-05-10 22:30:00+00:00,-3.2,56.2,53.4,23.0,103.0,,"green,blue,purple/pink/magenta",
2024-05-11 00:30:00+00:00,4.9,52.4,48.7,1.3,108.7,purple/pink/magenta,"green,purple/pink/magenta",
2024-05-10 21:36:00+00:00,6.2,52.1,48.3,22.5,105.5,purple/pink/magenta,"green,purple/pink/magenta",
2024-05-10 21:30:00+00:00,5.6,52.3,48.5,22.4,104.8,"red,green,purple/pink/magenta","red,green,blue,purple/pink/magenta",
2024-05-10 23:15:00+00:00,5.0,52.1,48.3,0.1,109.8,"red,green,blue,purple/pink/magenta","red,green,purple/pink/magenta",
2024-05-10 22:30:00+00:00,8.1,46.4,41.4,23.4,114.5,"red,purple/pink/magenta","red,green,purple/pink/magenta",
2024-05-10 00:10:00+00:00,-5.6,55.4,52.6,0.4,106.9,"red,green",,
2024-05-11 02:50:00+00:00,-81.2,43.5,52.6,21.7,109.5,"red,green,purple/pink/magenta","red,green,purple/pink/magenta",
2024-05-10 22:20:00+00:00,-4.3,55.8,53.0,22.7,102.4,,"green,purple/pink/magenta",
2024-05-10 22:30:00+00:00,-1.9,55.0,51.8,23.0,104.4,"green,purple/pink/magenta","green,purple/pink/magenta",STEVE
2024-05-10 21:15:00+00:00,4.7,51.9,48.0,22.1,103.6,"red,green,purple/pink/magenta","red,green,blue,purple/pink/magenta",
2024-05-10 20:16:00+00:00,6.6,52.4,48.6,21.2,98.1,"red,green,purple/pink/magenta","red,green,blue,purple/pink/magenta",
2024-05-10 22:10:00+00:00,5.9,51.8,47.9,23.1,108.0,"red,blue,purple/pink/magenta","red,green,blue,purple/pink/magenta",
2024-05-10 22:00:00+00:00,-4.3,55.8,53.0,22.4,101.1,purple/pink/magenta,"green,purple/pink/magenta",
1900-01-01 00:00:00+00:00,4.6,51.8,,,,purple/pink/magenta,"green,purple/pink/magenta",
2024-05-10 22:13:00+00:00,5.2,52.4,48.6,23.1,107.4,"green,purple/pink/magenta","green,purple/pink/magenta",
2024-05-10 21:05:00+00:00,4.9,52.6,48.8,22.0,102.2,"red,green,purple/pink/magenta","red,green,purple/pink/magenta",
2024-05-10 21:30:00+00:00,4.6,52.3,48.5,22.3,104.5,"red,green,purple/pink/magenta","red,green,purple/pink/magenta",
2024-05-10 21:20:00+00:00,-2.0,53.5,50.1,21.8,100.4,"red,purple/pink/magenta","red,green,purple/pink/magenta",
2024-05-10 22:22:00+00:00,-1.6,55.0,51.9,22.9,104.0,purple/pink/magenta,"green,purple/pink/magenta",
2024-05-10 20:40:00+00:00,3.5,51.6,47.6,21.4,100.0,"green,purple/pink/magenta","red,green,purple/pink/magenta",STEVE
2024-05-10 20:30:00+00:00,16.0,45.9,41.1,21.9,108.5,"red,purple/pink/magenta","red,purple/pink/magenta",
2024-05-11 06:30:00+00:00,170.5,-45.9,-53.1,18.8,102.1,"green,blue,purple/pink/magenta","red,green,blue,purple/pink/magenta",
2024-05-10 22:30:00+00:00,9.7,44.2,38.7,23.5,117.0,"red,green,purple/pink/magenta","red,green,purple/pink/magenta",
2024-05-11 04:30:00+00:00,-112.7,50.9,57.8,20.5,100.9,"green,purple/pink/magenta","red,green,blue,purple/pink/magenta",
2024-05-10 20:15:00+00:00,77.6,34.2,30.7,1.8,123.8,purple/pink/magenta,"red,purple/pink/magenta",
2024-05-10 21:30:00+00:00,-3.2,55.9,53.1,22.0,98.9,"green,purple/pink/magenta","green,purple/pink/magenta",Dunes
2024-05-11 02:30:00+00:00,-79.8,37.4,46.7,21.5,112.3,red,"red,green",
2024-05-11 02:37:00+00:00,-92.5,47.2,56.4,20.5,99.7,"red,green,purple/pink/magenta","red,green,purple/pink/magenta",
2024-05-11 02:02:00+00:00,-78.8,43.0,51.9,21.2,105.1,"red,green,blue,purple/pink/magenta","red,green,blue,purple/pink/magenta",
2024-05-11 08:20:00+00:00,-122.3,47.3,52.6,23.6,114.6,"green,purple/pink/magenta","green,purple/pink/magenta",
2024-05-11 02:02:00+00:00,-83.4,42.5,51.8,20.8,102.9,"green,purple/pink/magenta","red,green,blue,purple/pink/magenta",
2024-05-10 22:00:00+00:00,9.2,46.5,41.5,23.0,113.1,"red,purple/pink/magenta","red,purple/pink/magenta",
2024-05-10 20:00:00+00:00,11.7,48.1,43.6,21.2,101.6,"red,purple/pink/magenta","red,green,blue,purple/pink/magenta",
2024-05-11 05:00:00+00:00,-122.5,49.0,54.2,20.2,101.3,"green,purple/pink/magenta","green,purple/pink/magenta",
2024-05-10 21:40:00+00:00,0.5,51.3,47.3,22.3,104.8,"red,green,purple/pink/magenta","red,green,blue,purple/pink/magenta",Dunes
2024-05-11 02:45:00+00:00,-81.4,44.5,53.6,21.6,108.0,"green,purple/pink/magenta","red,green,blue,purple/pink/magenta",
2024-05-11 06:30:00+00:00,-90.7,47.0,56.3,0.5,114.6,"red,green,blue,purple/pink/magenta","red,green,blue,purple/pink/magenta",Dunes
2024-05-10 20:23:00+00:00,1.1,51.4,47.4,21.0,97.1,"red,green,blue,purple/pink/magenta","red,green,blue,purple/pink/magenta",SAR arc
2024-05-11 02:00:00+00:00,-104.3,41.5,50.0,18.8,89.5,"red,purple/pink/magenta","red,green,blue,purple/pink/magenta",
2024-05-11 05:00:00+00:00,-91.3,47.3,56.5,22.9,113.3,"red,green,purple/pink/magenta","red,green,blue,purple/pink/magenta",
2024-05-10 22:50:00+00:00,29.1,63.5,60.7,1.3,97.9,"red,green,purple/pink/magenta","red,green,blue,purple/pink/magenta",
2024-05-11 03:20:00+00:00,-98.0,47.7,56.6,20.6,102.0,"red,green","red,green,purple/pink/magenta",
2024-05-11 03:10:00+00:00,-81.5,41.1,50.3,22.0,113.4,"green,purple/pink/magenta","green,purple/pink/magenta",
2024-05-11 02:06:00+00:00,-86.1,41.7,51.2,20.6,102.5,"green,purple/pink/magenta","green,purple/pink/magenta",
2024-05-11 05:30:00+00:00,-123.6,47.8,52.8,20.6,105.0,"red,green,purple/pink/magenta","red,green,blue,purple/pink/magenta",
2024-05-11 02:00:00+00:00,-83.4,41.6,51.0,20.7,103.2,"red,purple/pink/magenta","red,green,purple/pink/magenta",
2024-05-11 05:30:00+00:00,-111.0,41.5,48.9,21.7,115.3,"red,green,purple/pink/magenta","red,green,blue,purple/pink/magenta",
2024-05-11 01:23:00+00:00,-82.4,40.0,49.4,20.2,99.0,"red,green,purple/pink/magenta","red,green,blue,purple/pink/magenta",
2024-05-11 07:00:00+00:00,-123.1,49.3,54.4,22.1,111.0,"red,green,purple/pink/magenta","red,green,blue,purple/pink/magenta",
2024-05-10 22:51:00+00:00,-5.1,55.9,53.1,23.2,104.0,"red,green,blue,purple/pink/magenta","red,green,blue,purple/pink/magenta",
2024-05-10 20:30:00+00:00,6.1,52.5,48.8,21.4,99.3,"red,green,blue,purple/pink/magenta","red,green,blue,purple/pink/magenta",
2024-05-11 04:30:00+00:00,-88.4,43.8,53.3,22.7,115.5,green,"red,green,purple/pink/magenta",
2024-05-10 20:18:00+00:00,30.2,55.2,52.0,22.7,104.0,purple/pink/magenta,"green,purple/pink/magenta",
2024-05-10 23:30:00+00:00,-70.6,-33.4,-23.0,18.9,110.2,purple/pink/magenta,purple/pink/magenta,
2024-05-11 05:30:00+00:00,-113.5,53.5,60.2,21.3,103.9,"red,green,purple/pink/magenta","red,green,purple/pink/magenta",
2024-05-10 22:21:00+00:00,5.4,53.1,49.5,23.2,107.2,"red,green,blue,purple/pink/magenta","red,green,blue,purple/pink/magenta",STEVE
2024-05-11 05:03:00+00:00,-116.4,50.8,57.1,20.7,102.8,"red,green,blue,purple/pink/magenta","red,green,blue,purple/pink/magenta",
2024-05-10 20:30:00+00:00,6.0,52.1,48.3,21.4,99.6,purple/pink/magenta,"green,purple/pink/magenta",
2024-05-10 22:30:00+00:00,11.0,45.7,40.6,23.6,115.7,"red,blue,purple/pink/magenta","green,purple/pink/magenta",STEVE
2024-05-10 21:35:00+00:00,23.8,61.4,58.5,23.7,100.1,"red,green,blue,purple/pink/magenta","red,green,blue,purple/pink/magenta",
2024-05-11 01:47:00+00:00,-83.9,42.4,51.7,20.5,100.5,"red,green,purple/pink/magenta","green,purple/pink/magenta",
2024-05-10 23:02:00+00:00,2.0,47.8,43.1,23.6,113.4,"green,purple/pink/magenta","red,green,purple/pink/magenta",
2024-05-10 22:29:00+00:00,4.3,43.8,38.0,23.2,116.2,purple/pink/magenta,"green,purple/pink/magenta",
2024-05-11 06:20:00+00:00,-116.4,34.1,40.9,22.2,124.3,purple/pink/magenta,"red,green,purple/pink/magenta",
2024-05-11 02:10:00+00:00,-83.4,44.2,53.5,20.9,102.8,"red,green",,
2024-05-11 02:00:00+00:00,-83.7,44.0,53.3,20.7,101.5,"red,green,blue,purple/pink/magenta","red,green,blue,purple/pink/magenta",
2024-05-10 20:17:00+00:00,6.1,52.2,48.4,21.2,98.2,purple/pink/magenta,"green,purple/pink/magenta",
2024-05-10 21:05:00+00:00,25.1,54.9,51.5,23.2,105.7,"green,purple/pink/magenta","green,purple/pink/magenta",
2024-05-11 05:58:00+00:00,-112.0,41.3,48.6,22.1,117.4,"green,purple/pink/magenta","red,green,purple/pink/magenta",
2024-05-11 06:00:00+00:00,-122.1,45.6,51.0,21.3,110.4,"red,green,blue,purple/pink/magenta","red,green,blue,purple/pink/magenta",
2024-05-10 20:30:00+00:00,5.6,45.5,40.2,21.3,104.2,purple/pink/magenta,"red,green,purple/pink/magenta",
2024-05-10 20:30:00+00:00,6.3,49.4,45.0,21.4,101.7,purple/pink/magenta,purple/pink/magenta,
2024-05-10 20:16:00+00:00,16.3,48.3,44.0,21.7,105.3,"red,green,purple/pink/magenta","red,green,purple/pink/magenta",
2024-05-10 01:55:00+00:00,-82.9,44.1,53.3,20.7,101.4,"red,green,purple/pink/magenta","red,green,blue,purple/pink/magenta",
2024-05-10 20:41:00+00:00,24.9,60.2,57.2,22.9,99.5,,"red,green,purple/pink/magenta",
2024-05-11 03:10:00+00:00,-83.4,43.2,52.5,21.9,110.9,"red,green,purple/pink/magenta","red,green,purple/pink/magenta",
2024-05-11 04:30:00+00:00,-94.0,44.2,53.5,22.2,113.6,,green,
2024-05-11 05:55:00+00:00,-122.6,47.6,52.8,21.1,108.0,purple/pink/magenta,"red,green,blue,purple/pink/magenta",
2024-05-11 01:45:00+00:00,-83.1,42.3,51.6,20.5,100.8,"green,purple/pink/magenta","green,purple/pink/magenta",
2024-05-10 22:28:00+00:00,25.0,60.2,57.3,0.6,101.8,"blue,purple/pink/magenta","blue,purple/pink/magenta",
2024-05-10 22:30:00+00:00,6.0,45.1,39.7,23.3,115.4,"red,purple/pink/magenta","red,green,purple/pink/magenta",
2024-05-11 02:00:00+00:00,-86.8,38.7,48.3,20.4,102.9,"red,green,purple/pink/magenta","red,green,purple/pink/magenta",
2024-05-10 22:30:00+00:00,-1.9,52.5,48.9,23.0,106.7,"green,purple/pink/magenta","green,purple/pink/magenta",
2024-05-10 21:15:00+00:00,-2.6,51.2,47.4,21.7,101.3,"green,purple/pink/magenta","green,purple/pink/magenta",
2024-05-10 21:30:00+00:00,-0.4,54.3,51.0,22.1,101.2,"red,blue,purple/pink/magenta","red,green,blue,purple/pink/magenta",
2024-05-11 02:03:00+00:00,-82.7,37.6,47.1,20.8,106.6,"red,green,purple/pink/magenta","red,green,purple/pink/magenta",
2024-05-10 22:30:00+00:00,-2.2,54.3,51.1,23.0,104.9,"red,green,purple/pink/magenta","red,green,purple/pink/magenta",
2024-05-09 22:11:00+00:00,11.0,49.4,45.1,23.3,111.6,"red,green,purple/pink/magenta","red,green,blue,purple/pink/magenta",
2024-05-12 04:10:00+00:00,-86.4,44.0,53.4,22.6,114.3,"green,purple/pink/magenta","red,green,purple/pink/magenta",
2024-05-11 03:30:00+00:00,-119.0,37.9,44.1,19.2,96.9,"red,green,blue,purple/pink/magenta","red,green,blue,purple/pink/magenta",
2024-05-11 02:05:00+00:00,-86.2,43.0,52.5,20.5,101.4,"green,purple/pink/magenta","green,purple/pink/magenta",
2024-05-11 03:10:00+00:00,-97.9,36.1,45.5,20.5,108.5,purple/pink/magenta,purple/pink/magenta,
2024-05-11 03:00:00+00:00,-103.3,44.0,52.5,19.9,98.9,"red,green,purple/pink/magenta","red,green,blue,purple/pink/magenta",
2024-05-11 02:00:00+00:00,-2.2,51.9,48.1,2.3,105.8,purple/pink/magenta,"green,blue,purple/pink/magenta",
2024-05-11 02:10:00+00:00,-84.4,42.7,52.1,20.8,103.3,"green,purple/pink/magenta","red,green,blue,purple/pink/magenta",
2024-05-11 01:03:00+00:00,-84.8,33.9,43.8,19.7,97.0,"green,purple/pink/magenta","green,blue,purple/pink/magenta",
2024-05-11 03:17:00+00:00,-89.8,35.4,45.2,21.4,114.7,purple/pink/magenta,purple/pink/magenta,
2024-05-11 02:07:00+00:00,-84.2,42.2,51.6,20.8,103.4,"red,green,purple/pink/magenta","red,green,purple/pink/magenta",
2024-05-11 01:44:00+00:00,-80.9,35.7,45.2,20.7,105.9,"red,green,purple/pink/magenta","red,green,purple/pink/magenta",
2024-05-10 22:05:00+00:00,-0.1,51.5,47.7,22.6,106.4,"red,green,purple/pink/magenta","red,green,blue,purple/pink/magenta",
2024-05-11 04:55:00+00:00,-113.6,53.8,60.4,20.8,100.8,"red,green,blue,purple/pink/magenta","red,green,blue,purple/pink/magenta",STEVE
2024-05-11 02:15:00+00:00,-83.3,43.5,52.7,21.0,104.1,"red,green,blue,purple/pink/magenta","red,green,blue,purple/pink/magenta",
2024-05-11 03:00:00+00:00,-82.4,43.0,52.2,21.8,110.4,"green,blue,purple/pink/magenta","green,blue,purple/pink/magenta",
2024-05-11 02:30:00+00:00,-89.2,45.1,54.5,20.7,101.9,"green,purple/pink/magenta","red,green,blue,purple/pink/magenta",
2024-05-11 04:31:00+00:00,-93.1,45.0,54.3,22.3,113.2,,green,
2024-05-11 03:00:00+00:00,-91.5,44.8,54.2,20.9,104.8,"red,green,blue,purple/pink/magenta","red,green,blue,purple/pink/magenta",
2024-05-11 06:30:00+00:00,174.1,-39.1,-45.5,18.8,103.1,"red,green,purple/pink/magenta","red,green,purple/pink/magenta",
2024-05-11 02:10:00+00:00,-88.3,40.1,49.7,20.4,102.7,"green,purple/pink/magenta",purple/pink/magenta,
1900-01-01 00:00:00+00:00,-111.4,41.9,,,,"red,green,purple/pink/magenta","red,green,purple/pink/magenta",
2024-05-11 02:30:00+00:00,-73.7,42.6,50.8,22.1,111.3,"green,purple/pink/magenta","red,green,blue,purple/pink/magenta",
2024-05-11 03:13:00+00:00,-89.4,43.1,52.6,21.3,108.6,"green,blue,purple/pink/magenta","red,green,blue,purple/pink/magenta",
2024-05-10 21:30:00+00:00,-2.1,52.6,49.0,22.0,101.9,"green,purple/pink/magenta","green,blue,purple/pink/magenta",
2024-05-11 02:45:00+00:00,-93.6,46.1,55.4,20.5,100.9,"green,purple/pink/magenta","red,green,blue,purple/pink/magenta",
2024-05-11 06:00:00+00:00,-112.6,39.3,46.6,22.1,119.2,"green,purple/pink/magenta","green,purple/pink/magenta",
2024-05-11 02:00:00+00:00,-92.9,44.9,54.2,19.8,95.7,"green,purple/pink/magenta","red,green,purple/pink/magenta",
2024-05-10 22:30:00+00:00,-2.1,52.0,48.2,22.9,107.1,purple/pink/magenta,"green,purple/pink/magenta",
2024-05-11 06:10:00+00:00,-112.8,40.8,48.0,22.2,118.5,"green,purple/pink/magenta","green,purple/pink/magenta",
2024-05-11 02:37:00+00:00,-83.3,43.9,53.2,21.3,106.6,"green,blue,purple/pink/magenta","green,blue,purple/pink/magenta",Dunes
2024-05-11 02:03:00+00:00,-83.0,44.0,53.3,20.8,102.3,"red,green,purple/pink/magenta","red,green,blue,purple/pink/magenta",
2024-05-11 08:20:00+00:00,-122.5,46.5,51.8,23.6,115.4,"red,green,purple/pink/magenta","red,green,purple/pink/magenta",
2024-05-11 02:20:00+00:00,-71.5,42.2,50.1,22.1,111.4,"green,purple/pink/magenta","green,purple/pink/magenta",
2024-05-11 03:46:00+00:00,-94.9,44.1,53.4,21.4,109.1,"green,purple/pink/magenta","green,purple/pink/magenta",
2024-05-11 02:15:00+00:00,-83.9,43.6,52.9,20.9,103.7,"red,green,purple/pink/magenta","red,green,purple/pink/magenta",
2024-05-11 02:00:00+00:00,-83.0,43.5,52.7,20.8,102.3,"red,green,purple/pink/magenta","red,green,blue,purple/pink/magenta",
2024-05-11 02:30:00+00:00,-83.4,42.2,51.5,21.2,106.9,purple/pink/magenta,"green,purple/pink/magenta",
2024-05-11 02:25:00+00:00,-93.5,45.0,54.3,20.2,98.9,"red,green,purple/pink/magenta","red,green,purple/pink/magenta",
2024-05-11 11:56:00+00:00,174.7,-36.8,-43.1,0.2,160.7,"red,green,purple/pink/magenta","red,green,purple/pink/magenta",
2024-05-11 06:30:00+00:00,-87.6,41.9,51.4,0.8,119.3,"red,green","red,green",
2024-05-11 02:30:00+00:00,-91.7,47.0,56.3,20.4,99.3,"red,green,purple/pink/magenta","red,green,blue,purple/pink/magenta",Dunes
2024-05-11 05:07:00+00:00,-115.3,36.3,43.2,21.1,115.1,purple/pink/magenta,"red,green,blue,purple/pink/magenta",
2024-05-11 02:00:00+00:00,-83.3,42.0,51.4,20.7,103.0,purple/pink/magenta,"green,blue,purple/pink/magenta",
2024-05-11 03:00:00+00:00,-111.6,46.5,53.7,19.1,92.6,"green,purple/pink/magenta","green,blue,purple/pink/magenta",
2024-05-11 03:00:00+00:00,-94.4,39.1,48.6,20.7,107.2,purple/pink/magenta,"green,purple/pink/magenta",
2024-05-11 02:00:00+00:00,-92.4,45.0,54.3,19.9,95.9,"green,purple/pink/magenta","red,green,blue,purple/pink/magenta",
2024-05-11 02:45:00+00:00,-95.1,47.4,56.4,20.3,99.3,"green,purple/pink/magenta","green,purple/pink/magenta",
2024-05-11 02:45:00+00:00,-93.6,45.8,55.0,20.5,101.1,"red,green,purple/pink/magenta","red,green,blue,purple/pink/magenta",
2024-05-11 05:45:00+00:00,-122.0,47.4,52.7,21.0,107.5,"red,green","red,green",
2024-05-11 01:55:00+00:00,-82.5,43.4,52.7,20.7,101.8,"red,green,blue,purple/pink/magenta","red,green,blue,purple/pink/magenta",
2024-05-11 02:37:00+00:00,-97.6,42.8,52.0,20.0,99.5,"red,green,purple/pink/magenta","red,green,purple/pink/magenta",
2024-05-11 03:00:00+00:00,-82.4,35.0,44.6,21.8,116.7,"red,green,blue,purple/pink/magenta","red,green,blue,purple/pink/magenta",
2024-05-11 05:00:00+00:00,-87.9,43.0,52.5,23.2,118.0,"green,purple/pink/magenta","red,green,purple/pink/magenta",STEVE
2024-05-11 02:32:00+00:00,-93.7,45.8,55.1,20.3,99.2,"green,purple/pink/magenta","red,green,blue,purple/pink/magenta",
2024-05-11 05:58:00+00:00,-104.9,41.4,49.8,22.7,119.1,"red,green","red,green",
2024-05-12 02:15:00+00:00,-84.6,45.7,55.0,20.9,101.7,purple/pink/magenta,"red,green,blue,purple/pink/magenta",
2024-05-11 02:15:00+00:00,-89.7,39.8,49.4,20.4,102.8,"green,purple/pink/magenta","green,purple/pink/magenta",
2024-05-11 03:00:00+00:00,-91.8,47.9,57.1,20.9,102.4,"red,green,purple/pink/magenta","red,green,blue,purple/pink/magenta",
2024-05-11 02:00:00+00:00,-81.4,44.5,53.6,20.9,102.5,"red,green,purple/pink/magenta","red,green,purple/pink/magenta",
2024-05-11 03:14:00+00:00,-117.3,48.0,54.2,18.9,90.0,"red,purple/pink/magenta","red,green,blue,purple/pink/magenta",
2024-05-10 02:05:00+00:00,-93.9,41.2,50.7,19.8,97.9,"red,green,purple/pink/magenta","red,green,purple/pink/magenta",
2024-05-11 02:30:00+00:00,-93.1,45.0,54.3,20.3,99.8,"red,green,purple/pink/magenta","red,green,purple/pink/magenta",
2024-05-10 20:15:00+00:00,9.1,48.5,44.0,21.3,101.8,"red,purple/pink/magenta","red,purple/pink/magenta",
2024-05-11 04:41:00+00:00,-79.4,43.8,52.7,23.7,117.8,"green,purple/pink/magenta","green,purple/pink/magenta",Dunes
2024-05-11 05:00:00+00:00,-123.1,49.3,54.4,20.2,100.8,purple/pink/magenta,"red,green,blue,purple/pink/magenta",
2024-05-11 04:00:00+00:00,-122.3,37.9,43.5,19.4,99.8,"red,purple/pink/magenta",purple/pink/magenta,
2024-05-11 05:53:00+00:00,-122.7,49.1,54.3,21.1,106.5,"red,green,blue,purple/pink/magenta","red,green,blue,purple/pink/magenta",
2024-05-11 23:30:00+00:00,7.3,51.6,47.7,0.4,110.2,,"green,blue,purple/pink/magenta",
2024-05-11 05:58:00+00:00,-114.7,43.1,49.9,21.9,114.9,red,"red,green",
2024-05-10 20:30:00+00:00,5.5,51.6,47.7,21.4,99.7,"green,purple/pink/magenta","green,blue,purple/pink/magenta",
2024-05-11 03:00:00+00:00,-107.1,24.8,33.2,19.7,106.6,"red,purple/pink/magenta",purple/pink/magenta,
2024-05-10 23:06:00+00:00,-6.4,53.5,50.3,23.3,106.7,"red,green,purple/pink/magenta","red,green,blue,purple/pink/magenta",Dunes
2024-05-10 22:30:00+00:00,-4.1,55.9,53.1,22.9,103.0,"green,purple/pink/magenta","green,purple/pink/magenta",
2024-05-10 23:00:00+00:00,6.4,52.7,48.9,23.9,109.1,"red,green,purple/pink/magenta","red,green,blue,purple/pink/magenta",
2024-05-11 02:45:00+00:00,-89.4,45.7,55.0,20.9,103.3,"green,purple/pink/magenta","green,purple/pink/magenta",
2024-05-10 21:30:00+00:00,-2.1,52.6,49.0,22.0,101.9,"red,green,purple/pink/magenta","red,green,blue,purple/pink/magenta",
2024-05-10 20:15:00+00:00,8.8,50.1,45.9,21.3,100.6,"red,purple/pink/magenta","red,green,blue,purple/pink/magenta",
2024-05-11 08:10:00+00:00,-75.5,40.6,49.2,3.5,106.4,"red,purple/pink/magenta","red,purple/pink/magenta",
2024-05-11 02:38:00+00:00,-93.5,45.2,54.4,20.4,100.6,green,"green,purple/pink/magenta",
2024-05-11 02:08:00+00:00,-85.1,43.2,52.6,20.7,102.4,"red,green,purple/pink/magenta","red,green,purple/pink/magenta",
2024-05-11 02:30:00+00:00,-84.4,42.9,52.3,21.1,105.9,purple/pink/magenta,"green,purple/pink/magenta",
2024-05-11 02:28:00+00:00,-84.8,33.7,43.6,21.0,111.7,purple/pink/magenta,"green,purple/pink/magenta",
2024-05-10 22:30:00+00:00,5.9,52.0,48.1,23.4,108.8,red,"red,green,blue,purple/pink/magenta",
2024-05-11 06:31:00+00:00,172.6,-43.6,-50.3,18.9,103.2,"red,purple/pink/magenta","red,purple/pink/magenta",
2024-05-10 22:35:00+00:00,5.6,52.3,48.6,23.5,108.6,"blue,purple/pink/magenta","blue,purple/pink/magenta",
2024-05-11 02:42:00+00:00,-84.7,42.8,52.1,21.3,107.4,purple/pink/magenta,"green,purple/pink/magenta",
2024-05-11 07:30:00+00:00,-72.0,41.6,49.5,3.2,109.1,"green,purple/pink/magenta","green,purple/pink/magenta",
2024-05-11 02:51:00+00:00,-83.2,42.7,52.0,21.6,109.2,purple/pink/magenta,"green,purple/pink/magenta",
2024-05-11 04:00:00+00:00,-84.2,39.6,49.1,22.6,118.5,"red,purple/pink/magenta","green,purple/pink/magenta",
2024-05-11 03:06:00+00:00,-84.2,45.6,54.8,21.7,108.2,"red,green,blue,purple/pink/magenta","red,green,blue,purple/pink/magenta",
2024-05-10 05:45:00+00:00,-112.2,40.2,47.6,21.9,117.5,"red,purple/pink/magenta","red,green,blue,purple/pink/magenta",STEVE
2024-05-11 04:15:00+00:00,-79.6,44.1,53.1,23.3,116.4,"green,purple/pink/magenta","green,purple/pink/magenta",
2024-05-11 02:45:00+00:00,-91.4,47.2,56.4,20.7,101.3,"red,green,blue,purple/pink/magenta","red,green,blue,purple/pink/magenta",
2024-05-10 22:00:00+00:00,-1.8,51.6,47.8,22.5,105.5,"red,purple/pink/magenta","green,purple/pink/magenta",
2024-05-11 05:30:00+00:00,-87.1,41.6,51.1,23.8,120.3,purple/pink/magenta,"red,green,purple/pink/magenta",
2024-05-11 04:00:00+00:00,-93.5,46.1,55.4,21.7,109.4,"green,purple/pink/magenta","red,green,purple/pink/magenta",
2024-05-11 03:15:00+00:00,-93.4,45.5,54.8,21.0,105.2,"green,purple/pink/magenta","green,blue,purple/pink/magenta",
2024-05-10 21:55:00+00:00,5.9,51.2,47.2,22.8,107.6,"green,purple/pink/magenta","red,green,blue,purple/pink/magenta",
2024-05-11 05:00:00+00:00,-105.7,40.3,48.7,21.7,115.4,"red,green,blue,purple/pink/magenta","red,green,blue,purple/pink/magenta",STEVE
2024-05-11 05:00:00+00:00,-91.0,41.8,51.3,23.0,118.6,"red,green,purple/pink/magenta","red,green,blue,purple/pink/magenta","Dunes,STEVE"
2024-05-10 21:30:00+00:00,4.5,52.1,48.2,22.3,104.6,"red,green,blue,purple/pink/magenta","red,green,blue,purple/pink/magenta",
2024-05-11 02:00:00+00:00,4.1,51.9,48.1,2.6,103.8,"red,purple/pink/magenta","green,blue,purple/pink/magenta",
2024-05-10 06:30:00+00:00,-114.3,51.1,57.7,22.3,109.7,"green,purple/pink/magenta","green,purple/pink/magenta",
2024-05-10 00:00:00+00:00,-0.2,52.0,48.3,0.5,110.3,purple/pink/magenta,"green,purple/pink/magenta",
2024-05-11 02:03:00+00:00,-83.1,44.0,53.2,20.8,102.3,purple/pink/magenta,"green,blue,purple/pink/magenta",
2024-05-11 02:15:00+00:00,-77.6,43.0,51.8,21.5,107.3,purple/pink/magenta,"red,green,blue,purple/pink/magenta",
2024-05-11 02:50:00+00:00,-86.3,41.7,51.2,21.3,108.4,"green,purple/pink/magenta","green,blue,purple/pink/magenta",
2024-05-11 02:10:00+00:00,-88.6,44.8,54.2,20.4,99.7,"red,green,purple/pink/magenta","red,green,blue,purple/pink/magenta",
2024-05-10 22:05:00+00:00,5.6,52.1,48.3,23.0,107.3,"red,green","red,green,purple/pink/magenta",
2024-05-10 22:10:00+00:00,5.8,50.8,46.7,23.0,108.9,red,"red,green,purple/pink/magenta",
2024-05-11 02:30:00+00:00,-82.5,43.1,52.4,21.3,106.7,"green,purple/pink/magenta","green,purple/pink/magenta",
2024-05-10 05:30:00+00:00,-93.6,45.1,54.3,23.2,116.5,"red,green,purple/pink/magenta","green,blue,purple/pink/magenta",
2024-05-11 03:00:00+00:00,-83.6,42.8,52.1,21.7,110.0,"red,green",,
2024-05-11 03:00:00+00:00,-93.5,44.8,54.1,20.7,103.7,,"green,blue,purple/pink/magenta",
2024-05-11 10:00:00+00:00,143.6,-38.3,-49.2,20.0,120.1,"red,green,blue,purple/pink/magenta","red,green,blue,purple/pink/magenta",
2024-05-11 02:26:00+00:00,-88.3,42.0,51.6,20.7,103.8,"green,purple/pink/magenta","green,purple/pink/magenta",
2024-05-11 08:52:00+00:00,-117.7,34.4,40.9,0.6,125.4,"red,purple/pink/magenta","red,blue,purple/pink/magenta",
2024-05-10 04:10:00+00:00,-110.3,24.3,32.3,20.6,117.9,purple/pink/magenta,"red,purple/pink/magenta",
2024-05-11 03:00:00+00:00,-94.4,47.0,56.2,20.7,101.8,purple/pink/magenta,"red,green,purple/pink/magenta",
2024-05-11 02:30:00+00:00,-95.6,41.8,51.2,20.1,100.3,"red,green,purple/pink/magenta","red,green,blue,purple/pink/magenta",
2024-05-13 06:00:00+00:00,-124.0,49.2,54.1,21.1,106.2,"red,green,purple/pink/magenta","red,green,purple/pink/magenta",
2024-05-11 03:30:00+00:00,-95.4,30.0,39.8,21.1,117.2,"red,purple/pink/magenta","green,purple/pink/magenta",STEVE
2024-05-11 00:51:00+00:00,5.8,53.0,49.3,1.7,107.1,purple/pink/magenta,"green,purple/pink/magenta",
2024-05-10 22:30:00+00:00,4.6,51.9,48.1,23.3,108.6,"red,green,purple/pink/magenta","red,green,purple/pink/magenta",
2024-05-10 22:14:00+00:00,6.8,52.3,48.4,23.2,107.9,purple/pink/magenta,purple/pink/magenta,
2024-05-11 02:15:00+00:00,,,,,,purple/pink/magenta,"red,purple/pink/magenta",
2024-05-10 21:47:00+00:00,-1.2,54.6,51.4,22.3,102.1,"red,green,blue,purple/pink/magenta","red,green,blue,purple/pink/magenta",
2024-05-10 19:30:00+00:00,14.5,46.1,41.3,20.8,100.6,"red,green,blue,purple/pink/magenta","red,green,blue,purple/pink/magenta",SAR arc
2024-05-10 20:00:00+00:00,17.5,50.0,46.0,21.5,102.8,"green,purple/pink/magenta","green,purple/pink/magenta",
2024-05-10 20:22:00+00:00,14.7,46.3,41.5,21.7,106.8,red,,
2024-05-10 20:46:00+00:00,14.3,46.3,41.5,22.1,109.1,purple/pink/magenta,purple/pink/magenta,
2024-05-10 21:00:00+00:00,15.1,46.4,41.6,22.4,110.6,,red,
2024-05-10 19:24:00+00:00,15.0,46.8,42.2,20.7,99.6,"red,green,purple/pink/magenta","red,green,purple/pink/magenta",
2024-05-10 22:45:00+00:00,,,,,,"red,purple/pink/magenta",red,
2024-05-10 02:30:00+00:00,-83.1,42.5,51.8,21.2,107.1,"red,green,purple/pink/magenta","red,green,purple/pink/magenta",
2024-05-10 20:30:00+00:00,24.8,60.2,57.2,22.7,99.0,"red,green,purple/pink/magenta","red,green,blue,purple/pink/magenta",STEVE
2024-05-10 20:00:00+00:00,16.1,48.1,43.8,21.4,103.6,"red,purple/pink/magenta","red,green,purple/pink/magenta",
2024-05-10 20:22:00+00:00,13.7,45.5,40.6,21.6,107.0,purple/pink/magenta,red,
2024-05-11 06:30:00+00:00,-123.3,44.2,49.4,21.7,113.7,"red,green,purple/pink/magenta","red,green,purple/pink/magenta",STEVE
2024-05-10 20:30:00+00:00,14.1,46.4,41.6,21.8,107.4,purple/pink/magenta,"red,purple/pink/magenta",
2024-05-10 03:15:00+00:00,-98.1,47.9,56.8,20.5,101.4,"red,green,blue,purple/pink/magenta","red,green,blue,purple/pink/magenta",
2024-05-10 00:14:00+00:00,14.4,46.0,41.2,1.5,114.0,"red,purple/pink/magenta","red,purple/pink/magenta",
2024-05-10 21:50:00+00:00,-3.3,57.7,55.2,22.3,99.0,"red,green,purple/pink/magenta","red,green,purple/pink/magenta",
2024-05-11 08:00:00+00:00,-115.6,51.2,57.6,23.7,110.6,"red,green,blue,purple/pink/magenta","red,green,blue,purple/pink/magenta",
2024-05-10 20:30:00+00:00,11.4,55.8,52.5,21.8,98.9,"red,green,purple/pink/magenta","red,green,blue,purple/pink/magenta",
2024-05-11 06:00:00+00:00,-122.6,47.7,53.0,21.2,108.4,"red,green,purple/pink/magenta","red,green,purple/pink/magenta",
2024-05-10 22:10:00+00:00,-0.0,50.9,46.9,22.7,107.3,"red,green,blue,purple/pink/magenta","red,green,blue,purple/pink/magenta",
2024-05-11 02:07:00+00:00,-86.4,40.0,49.6,20.6,103.5,"green,purple/pink/magenta","green,purple/pink/magenta",
2024-05-10 22:00:00+00:00,-5.1,50.2,46.2,22.3,105.5,,"red,green,purple/pink/magenta",
2024-05-11 21:00:00+00:00,-1.2,53.0,49.5,21.5,98.8,"red,green,blue,purple/pink/magenta","red,green,blue,purple/pink/magenta",
2024-05-10 22:10:00+00:00,-6.4,39.5,31.8,22.2,114.9,red,"red,blue,purple/pink/magenta",
2024-05-11 03:00:00+00:00,-106.8,42.5,50.6,19.6,97.6,"red,green,purple/pink/magenta","red,green,blue,purple/pink/magenta",
2024-05-10 22:00:00+00:00,-1.6,54.7,51.5,22.5,102.8,"red,green,purple/pink/magenta","red,green,blue,purple/pink/magenta",STEVE
2024-05-12 03:05:00+00:00,-110.1,34.8,42.6,19.5,100.1,"red,green,purple/pink/magenta","red,green,blue,purple/pink/magenta",
2024-05-11 11:30:00+00:00,115.9,-32.0,-43.5,19.2,115.5,"red,purple/pink/magenta","red,green,blue,purple/pink/magenta",SAR arc
2024-05-10 22:00:00+00:00,-4.6,53.3,50.0,22.3,103.1,"red,green,purple/pink/magenta","green,purple/pink/magenta",
2024-05-11 20:52:00+00:00,6.2,52.9,49.2,21.8,101.0,purple/pink/magenta,"green,blue,purple/pink/magenta",STEVE
2024-05-10 20:50:00+00:00,7.1,50.8,46.7,21.8,103.1,purple/pink/magenta,"green,blue,purple/pink/magenta",
2024-05-10 22:30:00+00:00,6.0,52.4,48.6,23.4,108.4,purple/pink/magenta,"red,green,purple/pink/magenta",
2024-05-11 07:29:00+00:00,173.1,-41.3,-47.9,19.8,113.9,purple/pink/magenta,"red,green,purple/pink/magenta",
2024-05-10 22:00:00+00:00,-2.2,52.0,48.3,22.4,105.0,purple/pink/magenta,"green,purple/pink/magenta",
2024-05-10 22:30:00+00:00,23.7,38.0,32.4,0.3,124.0,red,red,
2024-05-11 02:40:00+00:00,-94.6,41.8,51.2,20.3,102.4,"green,purple/pink/magenta","green,purple/pink/magenta",
2024-05-11 04:30:00+00:00,-89.5,43.1,52.6,22.6,115.9,green,green,
2024-05-11 08:00:00+00:00,,,,,,"red,green,purple/pink/magenta","red,green,blue,purple/pink/magenta",
2024-05-11 03:00:00+00:00,-94.4,46.0,55.2,20.7,102.5,"red,green,purple/pink/magenta","red,green,blue,purple/pink/magenta",
2024-05-10 22:34:00+00:00,4.6,51.0,46.9,23.4,109.7,purple/pink/magenta,purple/pink/magenta,
2024-05-10 21:00:00+00:00,4.7,52.9,49.2,21.9,101.5,purple/pink/magenta,purple/pink/magenta,
2024-05-10 23:30:00+00:00,-4.1,52.4,48.9,23.8,109.0,"red,green,purple/pink/magenta","red,green,purple/pink/magenta",
2024-05-10 23:26:00+00:00,6.0,50.8,46.8,0.3,111.2,"red,green,purple/pink/magenta","red,green,purple/pink/magenta",STEVE
2024-05-10 21:00:00+00:00,15.6,46.4,41.7,22.4,110.7,"red,purple/pink/magenta","red,green,blue,purple/pink/magenta",
2024-05-11 02:45:00+00:00,-94.5,39.1,48.6,20.4,104.9,"red,green,purple/pink/magenta","red,green,purple/pink/magenta","Dunes,STEVE"
2024-05-10 19:40:00+00:00,13.5,44.5,39.3,20.9,102.5,"red,green","red,green,blue,purple/pink/magenta",
2024-05-10 22:40:00+00:00,-7.2,39.4,31.8,22.7,117.6,"red,purple/pink/magenta","red,purple/pink/magenta",
2024-05-10 20:22:00+00:00,15.0,46.5,41.8,21.7,106.8,red,"red,green,blue,purple/pink/magenta",
2024-05-11 04:01:00+00:00,-106.2,52.2,60.0,20.5,99.7,"red,green,blue,purple/pink/magenta","red,green,blue,purple/pink/magenta",Dunes
2024-05-11 04:00:00+00:00,-107.0,44.7,52.7,20.5,104.6,"red,green,purple/pink/magenta","red,green,purple/pink/magenta",
2024-05-11 23:30:00+00:00,-3.1,54.4,51.3,23.9,106.9,purple/pink/magenta,"green,blue,purple/pink/magenta",
2024-05-10 23:30:00+00:00,5.7,52.9,49.2,0.4,109.2,purple/pink/magenta,purple/pink/magenta,
2024-05-10 21:00:00+00:00,-0.3,51.0,47.1,21.6,100.9,purple/pink/magenta,"red,green,purple/pink/magenta",
2024-05-10 20:00:00+00:00,5.6,44.9,39.4,20.8,100.6,"red,green,purple/pink/magenta","red,green,purple/pink/magenta",
2024-05-10 22:45:00+00:00,-4.8,52.0,48.5,23.0,107.3,purple/pink/magenta,"green,purple/pink/magenta",
2024-05-10 22:00:00+00:00,-6.5,52.3,48.9,22.2,103.3,"red,green,blue,purple/pink/magenta","red,green,blue,purple/pink/magenta",
2024-05-11 03:10:00+00:00,-103.2,48.3,56.7,20.0,97.7,"green,purple/pink/magenta","green,blue,purple/pink/magenta",
2024-05-10 18:30:00+00:00,147.1,-43.0,-53.8,5.0,119.9,"red,green,purple/pink/magenta","red,green,blue,purple/pink/magenta","Dunes,SAR arc"
2024-05-11 12:30:00+00:00,153.2,-28.1,-37.5,22.9,160.4,purple/pink/magenta,"red,purple/pink/magenta",
2024-05-11 08:30:00+00:00,147.0,-43.2,-54.1,18.8,106.1,"red,green",,STEVE
2024-05-10 18:10:00+00:00,146.8,-41.2,-52.0,4.5,123.9,"red,green,purple/pink/magenta","red,green,blue,purple/pink/magenta",Dunes
2024-05-11 09:20:00+00:00,145.1,-37.8,-48.6,19.4,113.4,"red,green,purple/pink/magenta","red,green,blue,purple/pink/magenta","Dunes,SAR arc"
2024-05-11 08:15:00+00:00,,,,,,"red,green,purple/pink/magenta","red,green,purple/pink/magenta",
2024-05-11 08:50:00+00:00,147.2,-43.4,-54.3,19.2,109.9,"red,green,purple/pink/magenta","red,green,purple/pink/magenta",STEVE
2024-05-11 10:00:00+00:00,147.5,-43.0,-53.8,20.4,122.8,"red,green","red,green",
2024-05-11 06:17:00+00:00,170.1,-44.3,-51.5,18.5,99.2,"red,green,purple/pink/magenta","red,green,blue,purple/pink/magenta","STEVE,SAR arc"
2024-05-11 06:00:00+00:00,175.5,-41.0,-47.2,18.5,99.1,"red,purple/pink/magenta","red,green,blue,purple/pink/magenta",STEVE
2024-05-11 12:00:00+00:00,152.5,-28.1,-37.5,22.4,153.7,green,"red,green",
2024-05-11 06:17:00+00:00,172.4,-43.7,-50.5,18.6,100.6,"red,green,purple/pink/magenta","red,green,blue,purple/pink/magenta",STEVE
2024-05-10 18:30:00+00:00,147.2,-41.4,-52.2,4.9,119.9,"red,green,purple/pink/magenta","red,green,blue,purple/pink/magenta",
2024-05-11 13:25:00+00:00,174.4,-36.8,-43.1,1.5,156.3,"red,green,purple/pink/magenta","red,blue,purple/pink/magenta",SAR arc
2024-05-11 08:18:00+00:00,145.9,-41.7,-52.6,18.5,102.9,"red,green,purple/pink/magenta","red,green,blue,purple/pink/magenta",STEVE
2024-05-11 08:00:00+00:00,170.4,-45.9,-53.1,20.3,117.5,"red,green",,
2024-05-11 06:45:00+00:00,171.1,-42.6,-49.6,19.0,104.4,"green,purple/pink/magenta","red,green,purple/pink/magenta",
2024-05-11 09:00:00+00:00,147.3,-43.0,-53.8,19.4,111.7,"red,green,purple/pink/magenta","red,green,purple/pink/magenta",Dunes
2024-05-11 06:40:00+00:00,170.3,-45.8,-53.1,18.9,103.7,"red,green,purple/pink/magenta","red,green,purple/pink/magenta",
2024-05-11 06:56:00+00:00,174.9,-41.0,-47.3,19.4,109.0,purple/pink/magenta,"red,purple/pink/magenta",
2024-05-10 21:30:00+00:00,23.8,61.5,58.6,23.6,99.9,"red,green,purple/pink/magenta","red,green,purple/pink/magenta",
2024-05-11 08:30:00+00:00,147.2,-41.5,-52.2,18.8,106.0,"red,green,purple/pink/magenta","red,green,purple/pink/magenta",Dunes
2024-05-11 08:00:00+00:00,145.5,-38.6,-49.3,18.1,98.4,"red,green,purple/pink/magenta","red,green,purple/pink/magenta","Dunes,STEVE"
2024-05-11 06:20:00+00:00,170.7,-44.9,-52.0,18.6,100.3,"red,green,purple/pink/magenta","red,green,purple/pink/magenta","Dunes,STEVE"
2024-05-11 10:00:00+00:00,148.5,-33.2,-43.3,20.3,124.1,purple/pink/magenta,"red,green,purple/pink/magenta",
2024-05-11 09:15:00+00:00,147.2,-43.4,-54.3,19.6,114.4,"red,green,blue,purple/pink/magenta","red,green,blue,purple/pink/magenta",
2024-05-11 11:30:00+00:00,145.0,-37.2,-47.9,21.6,139.0,green,,
2024-05-11 08:38:00+00:00,147.2,-43.1,-54.0,19.0,107.7,"green,purple/pink/magenta","red,green,blue,purple/pink/magenta",
2024-05-11 10:00:00+00:00,146.4,-34.6,-44.9,20.2,122.3,red,"red,green",
2024-05-11 10:40:00+00:00,150.9,-31.1,-40.8,21.1,134.7,purple/pink/magenta,"blue,purple/pink/magenta",
2024-05-11 06:10:00+00:00,173.0,-40.8,-47.5,18.5,99.0,"red,green,purple/pink/magenta","red,green,blue,purple/pink/magenta","Dunes,STEVE"
2024-05-11 07:00:00+00:00,169.3,-45.5,-53.0,19.2,106.4,"red,green,purple/pink/magenta","red,green,blue,purple/pink/magenta",Dunes
2024-05-11 06:09:00+00:00,178.0,-38.6,-44.3,18.7,102.0,"red,green,purple/pink/magenta","red,green,purple/pink/magenta",
2024-05-11 08:00:00+00:00,147.3,-42.9,-53.7,18.3,100.9,"red,green,purple/pink/magenta","red,green,purple/pink/magenta",
2024-05-11 13:47:00+00:00,138.5,-34.8,-45.9,23.0,159.3,"red,purple/pink/magenta","red,green,purple/pink/magenta",
2024-05-11 09:30:00+00:00,138.2,-33.4,-44.3,19.0,109.3,"red,purple/pink/magenta","red,green,blue,purple/pink/magenta",
2024-05-12 07:00:00+00:00,169.3,-45.2,-52.6,19.2,106.5,purple/pink/magenta,"red,green,blue,purple/pink/magenta",
2024-05-10 21:50:00+00:00,115.8,-32.0,-43.6,5.8,104.1,"red,purple/pink/magenta","red,purple/pink/magenta",
2024-05-11 09:00:00+00:00,147.3,-42.9,-53.7,19.4,111.7,"red,green,purple/pink/magenta","red,green,blue,purple/pink/magenta",Dunes
2024-05-11 08:00:00+00:00,145.9,-41.0,-51.9,18.2,99.4,"red,green,blue,purple/pink/magenta","red,green,blue,purple/pink/magenta",Dunes
2024-05-11 08:05:00+00:00,147.5,-42.4,-53.2,18.4,101.8,"green,purple/pink/magenta","red,green,purple/pink/magenta",Dunes
2024-05-11 07:20:00+00:00,147.2,-43.4,-54.3,17.7,94.1,"green,purple/pink/magenta","red,green,blue,purple/pink/magenta",
2024-05-11 11:00:00+00:00,147.1,-43.2,-54.0,21.4,133.2,"green,purple/pink/magenta",green,
2024-05-11 09:56:00+00:00,144.3,-36.8,-47.5,20.0,119.8,"red,green,purple/pink/magenta","red,green,purple/pink/magenta",
2024-05-11 07:30:00+00:00,175.3,-37.8,-43.9,19.9,115.5,red,"red,green,purple/pink/magenta",
2024-05-11 06:00:00+00:00,170.5,-44.0,-51.2,18.2,96.5,"red,green,purple/pink/magenta","red,green,purple/pink/magenta",
2024-05-11 06:30:00+00:00,170.5,-45.9,-53.1,18.8,102.1,"green,purple/pink/magenta","green,blue,purple/pink/magenta",
2024-05-11 08:00:00+00:00,147.2,-43.4,-54.3,18.3,101.0,"red,green,blue,purple/pink/magenta","red,green,blue,purple/pink/magenta",Dunes
2024-05-11 10:00:00+00:00,147.7,-35.9,-46.3,20.3,123.4,,red,
2024-05-11 08:45:00+00:00,172.7,-43.2,-50.0,21.1,127.5,"red,green,purple/pink/magenta","red,green,blue,purple/pink/magenta",STEVE
2024-05-10 18:00:00+00:00,148.1,-42.1,-52.8,4.4,124.7,"red,green,purple/pink/magenta","red,green,purple/pink/magenta","Dunes,STEVE"
2024-05-11 06:30:00+00:00,169.2,-44.7,-52.1,18.6,100.9,"red,purple/pink/magenta","red,green,blue,purple/pink/magenta",STEVE
2024-05-11 11:30:00+00:00,145.2,-37.7,-48.4,21.6,138.9,"green,purple/pink/magenta","red,green,purple/pink/magenta",
2024-05-11 10:00:00+00:00,151.2,-33.9,-43.8,20.5,126.4,"red,green,purple/pink/magenta","red,green,blue,purple/pink/magenta",
2024-05-11 07:00:00+00:00,170.5,-45.9,-53.1,19.3,107.2,"red,green,purple/pink/magenta","red,green,purple/pink/magenta",
2024-05-11 06:15:00+00:00,170.6,-45.7,-52.9,18.5,99.6,"red,green,blue,purple/pink/magenta","red,green,blue,purple/pink/magenta",STEVE
2024-05-10 15:00:00+00:00,147.4,-43.0,-53.8,0.9,152.5,"green,purple/pink/magenta","red,green,purple/pink/magenta",
2024-05-11 07:09:00+00:00,173.5,-35.4,-41.8,19.3,109.6,"red,purple/pink/magenta","red,purple/pink/magenta",
2024-05-12 11:50:00+00:00,144.9,-37.8,-48.6,21.9,142.6,"red,purple/pink/magenta","red,green,purple/pink/magenta",
2024-05-11 08:00:00+00:00,176.8,-39.6,-45.5,20.5,122.6,"red,blue,purple/pink/magenta","red,blue,purple/pink/magenta",STEVE
2024-05-11 06:00:00+00:00,174.8,-41.4,-47.7,18.5,98.7,"red,purple/pink/magenta","red,green,purple/pink/magenta",
2024-05-11 08:45:00+00:00,148.3,-42.1,-52.8,19.2,109.7,"red,green,purple/pink/magenta","red,green,blue,purple/pink/magenta",Dunes
2024-05-11 10:30:00+00:00,144.9,-37.8,-48.6,20.6,127.1,"red,green","red,green",
2024-05-11 06:00:00+00:00,170.8,-45.1,-52.2,18.3,97.1,"red,green,purple/pink/magenta","red,green,blue,purple/pink/magenta","Dunes,STEVE"
2024-05-11 11:00:00+00:00,147.2,-43.4,-54.3,21.4,133.3,"red,green,purple/pink/magenta","red,green,purple/pink/magenta",
2024-05-11 10:30:00+00:00,147.3,-43.0,-53.8,20.9,128.1,"red,green,purple/pink/magenta","red,green,purple/pink/magenta",
2024-05-11 08:55:00+00:00,146.4,-41.6,-52.4,19.2,110.0,"red,green,blue,purple/pink/magenta","red,green,blue,purple/pink/magenta",Dunes
2024-05-11 11:30:00+00:00,144.0,-37.4,-48.2,21.5,138.1,"green,purple/pink/magenta","red,green,purple/pink/magenta",
2024-05-11 06:15:00+00:00,170.1,-44.3,-51.5,18.4,98.8,"red,green,purple/pink/magenta","red,green,blue,purple/pink/magenta","Dunes,STEVE"
2024-05-11 08:33:00+00:00,147.3,-42.8,-53.7,18.9,106.8,purple/pink/magenta,"red,green,purple/pink/magenta",
2024-05-11 06:30:00+00:00,172.7,-43.3,-50.1,18.9,103.1,"red,green,purple/pink/magenta","red,green,blue,purple/pink/magenta",
2024-05-11 06:15:00+00:00,173.3,-41.3,-47.9,18.6,100.3,"red,green,purple/pink/magenta","red,green,purple/pink/magenta",STEVE
2024-05-11 10:00:00+00:00,153.0,-26.5,-35.8,20.5,127.8,red,red,
2024-05-11 07:00:00+00:00,172.6,-43.5,-50.3,19.4,108.4,"red,green,purple/pink/magenta","green,purple/pink/magenta",
2024-05-11 11:20:00+00:00,138.5,-34.9,-46.0,20.8,132.3,purple/pink/magenta,"green,purple/pink/magenta",
2024-05-11 08:17:00+00:00,171.9,-41.5,-48.4,20.5,122.0,"red,green,purple/pink/magenta","red,green,purple/pink/magenta",
2024-05-11 10:00:00+00:00,147.2,-43.4,-54.3,20.4,122.6,purple/pink/magenta,"green,blue,purple/pink/magenta",
2024-05-11 08:30:00+00:00,172.6,-43.5,-50.3,20.9,124.7,"red,green,purple/pink/magenta","red,green,purple/pink/magenta",
2024-05-11 10:00:00+00:00,147.2,-41.4,-52.2,20.3,122.7,"green,purple/pink/magenta","green,purple/pink/magenta",
2024-05-11 10:39:00+00:00,152.9,-26.7,-36.0,21.2,136.4,,red,
2024-05-11 09:40:00+00:00,138.5,-35.2,-46.4,19.2,111.8,"red,purple/pink/magenta","green,purple/pink/magenta",
2024-05-11 08:45:00+00:00,172.6,-43.3,-50.1,21.1,127.4,"red,green","red,green",
2024-05-11 11:24:00+00:00,115.7,-33.3,-45.1,19.1,114.3,"red,purple/pink/magenta","red,purple/pink/magenta",
2024-05-11 07:15:00+00:00,175.6,-38.0,-44.1,19.6,112.9,"red,green,purple/pink/magenta","red,green,purple/pink/magenta",
2024-05-11 06:52:00+00:00,172.9,-43.9,-50.6,19.3,107.2,"red,green,purple/pink/magenta","red,green,blue,purple/pink/magenta",
2024-05-11 06:50:00+00:00,170.5,-45.9,-53.1,19.1,105.5,"green,purple/pink/magenta","red,green,blue,purple/pink/magenta",STEVE
2024-05-11 10:00:00+00:00,146.4,-41.2,-52.0,20.3,122.1,"green,purple/pink/magenta","red,green,purple/pink/magenta",
2024-05-11 07:30:00+00:00,144.5,-38.3,-49.1,17.5,92.0,"red,purple/pink/magenta","red,green,blue,purple/pink/magenta",Dunes
2024-05-10 22:50:00+00:00,-1.4,46.2,41.0,23.2,113.8,purple/pink/magenta,"red,green,blue,purple/pink/magenta",
2024-05-11 06:30:00+00:00,168.0,-46.1,-53.8,18.6,100.5,"green,purple/pink/magenta","red,green,purple/pink/magenta",
2024-05-11 06:15:00+00:00,176.3,-37.7,-43.7,18.7,101.6,purple/pink/magenta,purple/pink/magenta,
2024-05-10 19:00:00+00:00,137.9,-34.4,-45.5,4.6,121.3,"red,blue,purple/pink/magenta","red,green,blue,purple/pink/magenta",
2024-05-11 06:15:00+00:00,175.4,-40.2,-46.3,18.7,101.5,"red,purple/pink/magenta","red,green,purple/pink/magenta",STEVE
2024-05-11 08:30:00+00:00,,,,,,"red,green,purple/pink/magenta","red,green,purple/pink/magenta",
2024-05-11 06:15:00+00:00,174.9,-37.2,-43.4,18.6,100.4,"red,purple/pink/magenta","red,purple/pink/magenta",
2024-05-11 06:30:00+00:00,174.7,-36.8,-43.0,18.8,103.1,red,red,
2024-05-11 07:25:00+00:00,167.7,-45.4,-53.1,19.5,109.6,"red,green,purple/pink/magenta","red,green,blue,purple/pink/magenta",STEVE
2024-05-11 08:37:00+00:00,138.6,-35.1,-46.2,18.1,99.3,"red,green,purple/pink/magenta","red,purple/pink/magenta",
2024-05-11 06:30:00+00:00,171.2,-44.4,-51.4,18.8,102.3,"red,green,purple/pink/magenta","red,green,purple/pink/magenta",STEVE
2024-05-11 08:09:00+00:00,146.0,-42.8,-53.8,18.4,101.6,"red,green,purple/pink/magenta","red,green,blue,purple/pink/magenta",Dunes
2024-05-11 08:46:00+00:00,147.2,-43.4,-54.3,19.1,109.2,"red,green,purple/pink/magenta","red,green,blue,purple/pink/magenta",
2024-05-11 10:00:00+00:00,172.7,-43.6,-50.4,22.4,140.2,"red,green,blue,purple/pink/magenta","red,green,blue,purple/pink/magenta",
2024-05-11 06:00:00+00:00,172.7,-43.6,-50.4,18.4,97.9,"red,green,purple/pink/magenta","red,green,blue,purple/pink/magenta",
2024-05-11 06:20:00+00:00,172.3,-43.8,-50.6,18.7,101.1,"red,green",,STEVE
2024-05-11 09:40:00+00:00,142.1,-34.2,-45.0,19.5,114.7,purple/pink/magenta,"red,purple/pink/magenta",
2024-05-11 09:30:00+00:00,147.1,-41.4,-52.2,19.8,117.1,"red,green,purple/pink/magenta","red,green,purple/pink/magenta",
2024-05-11 09:15:00+00:00,147.1,-41.4,-52.2,19.6,114.3,"green,purple/pink/magenta","red,green,blue,purple/pink/magenta",
2024-05-11 08:00:00+00:00,147.1,-43.0,-53.9,18.3,100.8,"red,green,purple/pink/magenta","red,green,purple/pink/magenta",STEVE
2024-05-11 09:30:00+00:00,147.2,-43.4,-54.3,19.9,117.2,"green,purple/pink/magenta","red,green,purple/pink/magenta",
2024-05-11 06:45:00+00:00,172.9,-43.9,-50.6,19.1,106.0,"red,green,purple/pink/magenta","red,green,purple/pink/magenta",
2024-05-11 11:30:00+00:00,141.6,-36.7,-47.7,21.3,136.4,"red,green,purple/pink/magenta","red,green,purple/pink/magenta",
2024-05-10 09:10:00+00:00,147.8,-43.2,-54.0,19.6,113.8,"red,green,blue,purple/pink/magenta","red,green,blue,purple/pink/magenta",Dunes
2024-05-10 22:30:00+00:00,8.0,49.4,45.0,23.5,111.6,,,
2024-05-11 06:00:00+00:00,172.6,-43.8,-50.5,18.4,97.8,"red,green,purple/pink/magenta","red,green,blue,purple/pink/magenta","Dunes,STEVE"
2024-05-11 07:00:00+00:00,175.5,-37.5,-43.6,19.4,109.7,"red,purple/pink/magenta","red,green,purple/pink/magenta",STEVE
2024-05-11 06:50:00+00:00,175.5,-37.9,-44.0,19.2,107.8,purple/pink/magenta,"red,green,purple/pink/magenta",
2024-05-11 07:30:00+00:00,174.8,-36.8,-43.1,19.8,115.0,"red,purple/pink/magenta","red,purple/pink/magenta",Dunes
2024-05-11 08:27:00+00:00,147.4,-43.0,-53.9,18.8,105.8,"green,purple/pink/magenta","green,blue,purple/pink/magenta",
2024-05-11 09:20:00+00:00,147.3,-42.9,-53.7,19.7,115.4,"red,green,blue,purple/pink/magenta","red,green,blue,purple/pink/magenta",
2024-05-11 11:00:00+00:00,172.9,-43.9,-50.6,23.4,148.7,"red,green,purple/pink/magenta","red,green,purple/pink/magenta",
2024-05-11 08:15:00+00:00,147.3,-42.9,-53.7,18.6,103.6,"red,green,purple/pink/magenta","red,green,purple/pink/magenta",
2024-05-11 06:15:00+00:00,175.4,-40.3,-46.5,18.7,101.6,"red,green,purple/pink/magenta","red,green,blue,purple/pink/magenta","STEVE,SAR arc"
2024-05-11 10:44:00+00:00,147.3,-42.8,-53.7,21.1,130.6,"green,purple/pink/magenta","red,green,purple/pink/magenta",
2024-05-11 11:25:00+00:00,145.3,-38.2,-49.0,21.5,138.0,"red,green,purple/pink/magenta","red,green,blue,purple/pink/magenta",
2024-05-10 22:35:00+00:00,5.3,43.6,37.8,23.3,116.9,"green,purple/pink/magenta","green,purple/pink/magenta",
2024-05-12 11:00:00+00:00,151.4,-33.5,-43.3,21.5,139.1,green,green,
2024-05-11 08:00:00+00:00,146.7,-41.5,-52.4,18.2,100.1,"red,green,blue,purple/pink/magenta","red,green,blue,purple/pink/magenta","Dunes,STEVE"
2024-05-11 08:00:00+00:00,147.3,-42.9,-53.7,18.3,100.9,"red,green,purple/pink/magenta","red,green,purple/pink/magenta",Dunes
2024-05-10 21:50:00+00:00,2.9,48.9,44.5,22.5,108.4,"red,green,purple/pink/magenta","red,green,purple/pink/magenta",
2024-05-11 06:45:00+00:00,172.4,-43.7,-50.5,19.1,105.6,"red,green,purple/pink/magenta","red,green,blue,purple/pink/magenta",STEVE
2024-05-11 06:08:00+00:00,170.5,-45.9,-53.1,18.4,98.4,"red,green,purple/pink/magenta","red,green,purple/pink/magenta",
2024-05-11 07:55:00+00:00,170.4,-45.9,-53.1,20.2,116.7,"green,blue,purple/pink/magenta","green,blue,purple/pink/magenta",
2024-05-11 07:00:00+00:00,170.6,-45.9,-53.1,19.3,107.3,"red,green,purple/pink/magenta","red,green,purple/pink/magenta",Dunes
2024-05-11 06:30:00+00:00,170.5,-45.9,-53.1,18.8,102.1,"red,green,purple/pink/magenta","red,green,purple/pink/magenta",
2024-05-11 08:18:00+00:00,170.6,-45.9,-53.1,20.6,120.9,"red,green,purple/pink/magenta","red,green,blue,purple/pink/magenta",
2024-05-11 08:00:00+00:00,147.3,-42.9,-53.7,18.3,100.9,"red,green,blue,purple/pink/magenta","red,green,blue,purple/pink/magenta",Dunes
2024-05-11 08:00:00+00:00,170.3,-46.0,-53.2,20.3,117.5,"red,green,purple/pink/magenta","red,green,purple/pink/magenta",
2024-05-11 08:00:00+00:00,170.4,-45.9,-53.1,20.3,117.6,"red,green,purple/pink/magenta","red,green,blue,purple/pink/magenta",Dunes
2024-05-11 07:00:00+00:00,172.6,-43.6,-50.3,19.3,108.4,"green,purple/pink/magenta","green,purple/pink/magenta",
2024-05-11 06:45:00+00:00,171.8,-43.9,-50.8,19.1,105.2,red,,
2024-05-11 02:45:00+00:00,-80.6,40.2,49.5,21.7,111.7,purple/pink/magenta,purple/pink/magenta,
2024-05-11 07:57:00+00:00,147.3,-43.0,-53.9,18.3,100.4,"red,green,purple/pink/magenta","red,green,purple/pink/magenta",STEVE
2024-05-11 09:00:00+00:00,145.1,-37.7,-48.4,19.1,109.5,"red,green,purple/pink/magenta","red,green,blue,purple/pink/magenta",
2024-05-09 23:30:00+00:00,6.1,49.6,45.3,0.3,112.7,purple/pink/magenta,"green,purple/pink/magenta",
2024-05-10 21:30:00+00:00,-1.5,48.6,44.1,21.9,105.3,"red,purple/pink/magenta","red,green,purple/pink/magenta",
2024-05-11 09:00:00+00:00,138.9,-35.0,-46.1,18.5,104.1,purple/pink/magenta,"red,green,purple/pink/magenta",
2024-05-10 17:50:00+00:00,147.8,-43.1,-53.9,4.3,126.6,"red,purple/pink/magenta","red,green,blue,purple/pink/magenta",STEVE
2024-05-10 21:00:00+00:00,3.6,51.5,47.5,21.8,102.1,"red,blue,purple/pink/magenta","red,green,blue,purple/pink/magenta",
2024-05-11 21:30:00+00:00,17.6,59.9,56.9,23.2,100.4,"red,green,blue,purple/pink/magenta","red,green,blue,purple/pink/magenta",
2024-05-12 06:30:00+00:00,168.7,-45.0,-52.6,18.6,100.8,"red,green,purple/pink/magenta","red,green,purple/pink/magenta",Dunes
2024-05-10 20:15:00+00:00,12.8,50.9,46.9,21.5,101.7,"red,green,purple/pink/magenta","red,green,blue,purple/pink/magenta",
2024-05-11 03:08:00+00:00,-98.5,29.6,39.1,20.5,111.9,,red,
2024-05-10 21:45:00+00:00,-1.6,51.0,47.0,22.2,104.8,"green,purple/pink/magenta","green,purple/pink/magenta",
2024-05-10 18:00:00+00:00,115.8,40.3,36.0,1.9,116.7,purple/pink/magenta,"green,purple/pink/magenta",
2024-05-11 02:05:00+00:00,-90.6,38.8,48.4,20.1,101.3,"green,purple/pink/magenta","green,purple/pink/magenta",
2024-05-11 00:00:00+00:00,-3.5,47.8,43.0,0.3,114.3,"red,purple/pink/magenta","red,purple/pink/magenta",
2024-05-11 04:00:00+00:00,-91.5,41.7,51.2,21.9,114.0,"green,purple/pink/magenta","red,green,purple/pink/magenta",
2024-05-10 22:00:00+00:00,1.1,53.0,49.4,22.6,105.1,red,,
2024-05-11 06:00:00+00:00,-89.4,43.1,52.6,0.1,118.9,"red,green","red,green",
2024-05-10 20:58:00+00:00,8.7,46.9,42.0,22.0,107.6,purple/pink/magenta,"red,green,blue,purple/pink/magenta",
2024-05-10 19:20:00+00:00,11.0,49.6,45.3,20.5,95.3,"red,green,purple/pink/magenta","red,green,purple/pink/magenta",
2024-05-11 04:40:00+00:00,-118.0,36.1,42.6,20.4,109.9,red,"red,green,purple/pink/magenta",
2024-05-10 21:50:00+00:00,-6.6,55.0,52.2,22.1,100.2,purple/pink/magenta,"red,green,blue,purple/pink/magenta",
2024-05-11 07:45:00+00:00,-122.4,47.7,53.0,23.0,114.1,"green,purple/pink/magenta","green,purple/pink/magenta",
2024-05-11 06:45:00+00:00,-90.0,42.3,51.8,0.8,118.6,"green,purple/pink/magenta","red,green,purple/pink/magenta",
2024-05-10 22:30:00+00:00,-2.6,52.8,49.3,22.9,106.2,"red,green,purple/pink/magenta","red,green,blue,purple/pink/magenta",
2024-05-10 20:30:00+00:00,4.6,52.6,48.9,21.4,98.6,"red,green,purple/pink/magenta","red,green,purple/pink/magenta",
2024-05-11 07:00:00+00:00,-93.7,44.9,54.1,0.7,116.1,"red,green","red,green",
2024-05-12 03:00:00+00:00,-94.8,37.5,47.1,20.6,107.7,"red,purple/pink/magenta","red,green,purple/pink/magenta",
2024-05-11 06:26:00+00:00,-121.4,47.4,52.9,21.7,111.1,purple/pink/magenta,"green,blue,purple/pink/magenta",
2024-05-11 02:32:00+00:00,-71.1,42.4,50.2,22.4,112.7,purple/pink/magenta,"red,green,blue,purple/pink/magenta",
2024-05-10 22:30:00+00:00,3.3,42.3,36.0,23.1,117.4,"red,purple/pink/magenta","red,purple/pink/magenta",
2024-05-11 02:00:00+00:00,-79.6,39.7,48.8,21.1,106.6,"green,purple/pink/magenta","green,purple/pink/magenta",
2024-05-10 20:30:00+00:00,8.6,47.4,42.7,21.5,104.1,"red,green,purple/pink/magenta","red,green,blue,purple/pink/magenta",
2024-05-10 20:15:00+00:00,12.9,49.1,44.8,21.5,103.1,purple/pink/magenta,"green,blue,purple/pink/magenta",
2024-05-09 22:30:00+00:00,3.2,42.0,35.7,23.1,117.9,purple/pink/magenta,"red,green,purple/pink/magenta",
2024-05-11 02:00:00+00:00,-86.3,41.7,51.2,20.5,101.5,"green,purple/pink/magenta","red,green,blue,purple/pink/magenta",
2024-05-10 20:23:00+00:00,16.4,48.2,43.9,21.9,106.1,"red,purple/pink/magenta","red,green,blue,purple/pink/magenta",
2024-05-11 02:50:00+00:00,5.3,51.6,47.7,3.5,98.5,"red,purple/pink/magenta",purple/pink/magenta,
2024-05-10 21:30:00+00:00,7.0,47.1,42.3,22.4,109.7,"red,purple/pink/magenta",purple/pink/magenta,
2024-05-11 03:45:00+00:00,-116.1,52.5,58.8,19.4,93.1,"red,green,blue,purple/pink/magenta","red,green,blue,purple/pink/magenta",
2024-05-11 01:30:00+00:00,-84.1,34.2,44.0,20.2,102.2,"red,purple/pink/magenta","red,purple/pink/magenta",
2024-05-10 22:00:00+00:00,-2.8,54.0,50.8,22.5,103.0,"red,green,purple/pink/magenta","red,green,blue,purple/pink/magenta",
2024-05-11 03:20:00+00:00,-80.6,28.2,38.1,22.2,125.7,purple/pink/magenta,purple/pink/magenta,
2024-05-11 03:10:00+00:00,-71.6,42.8,50.6,22.9,115.6,,purple/pink/magenta,
2024-05-11 01:42:00+00:00,-86.7,34.8,44.7,20.1,102.2,purple/pink/magenta,"red,green,purple/pink/magenta",
2024-05-11 02:16:00+00:00,-82.9,42.4,51.8,21.0,105.2,"green,purple/pink/magenta","red,green,blue,purple/pink/magenta",STEVE
2024-05-11 10:00:00+00:00,150.7,-33.8,-43.8,20.5,125.9,purple/pink/magenta,purple/pink/magenta,
2024-05-11 08:20:00+00:00,-75.4,40.1,48.7,3.7,105.2,purple/pink/magenta,purple/pink/magenta,
2024-05-11 01:00:00+00:00,-70.8,42.8,50.5,20.9,101.0,"red,purple/pink/magenta","red,green,purple/pink/magenta",
2024-05-11 06:30:00+00:00,-117.1,32.8,39.4,22.3,126.2,"red,blue,purple/pink/magenta","red,blue,purple/pink/magenta",
2024-05-11 03:03:00+00:00,-80.9,43.7,52.8,22.0,110.8,"red,green,purple/pink/magenta","red,green,purple/pink/magenta",
2024-05-11 01:50:00+00:00,-83.0,42.2,51.6,20.6,101.6,"red,green,purple/pink/magenta","red,green,purple/pink/magenta",
2024-05-11 06:21:00+00:00,-121.4,36.8,42.6,21.8,120.2,purple/pink/magenta,"red,green,purple/pink/magenta",
2024-05-11 02:10:00+00:00,-71.0,42.6,50.3,22.0,110.3,"green,purple/pink/magenta","red,green,purple/pink/magenta",
2024-05-11 07:15:00+00:00,-113.1,37.7,44.9,23.3,124.2,"green,purple/pink/magenta","green,purple/pink/magenta",
2024-05-11 06:00:00+00:00,-104.6,39.9,48.4,22.7,120.7,"red,green,purple/pink/magenta","red,green,purple/pink/magenta",
2024-05-10 20:30:00+00:00,11.5,48.2,43.7,21.7,104.8,"red,green","red,green",Dunes
2024-05-11 02:31:00+00:00,-92.6,42.5,51.9,20.4,101.8,"red,green,purple/pink/magenta","red,green,purple/pink/magenta",
2024-05-11 03:20:00+00:00,-80.6,26.3,36.4,22.2,127.1,purple/pink/magenta,"red,purple/pink/magenta",
2024-05-11 04:00:00+00:00,-80.6,35.0,44.5,22.9,123.8,red,,
2024-05-10 20:40:00+00:00,27.6,53.8,50.5,22.9,105.9,"green,blue,purple/pink/magenta","green,blue,purple/pink/magenta","Dunes,STEVE"
2024-05-11 06:48:00+00:00,-77.0,42.9,51.6,2.0,114.6,purple/pink/magenta,"red,green,purple/pink/magenta",
2024-05-10 21:56:00+00:00,5.6,52.3,48.5,22.8,106.6,purple/pink/magenta,"green,purple/pink/magenta",
2024-05-11 08:00:00+00:00,144.1,-38.0,-48.8,18.0,97.2,"red,purple/pink/magenta","red,green,blue,purple/pink/magenta",
2024-05-08 22:00:00+00:00,15.9,-19.4,-30.7,23.2,167.3,red,red,
2024-05-11 02:45:00+00:00,-96.0,33.8,43.4,20.3,107.1,red,"red,purple/pink/magenta",
2024-05-11 03:30:00+00:00,-106.7,41.4,49.5,20.1,102.9,"red,green,blue,purple/pink/magenta","red,green,blue,purple/pink/magenta",
2024-05-11 04:30:00+00:00,-114.0,51.3,58.0,20.3,100.1,green,"green,purple/pink/magenta",
2024-05-10 22:09:00+00:00,11.9,54.5,51.1,23.4,106.4,"red,purple/pink/magenta","red,green,blue,purple/pink/magenta",
2024-05-11 03:03:00+00:00,-78.0,43.4,52.2,22.2,112.3,"red,green,purple/pink/magenta","red,green,blue,purple/pink/magenta",
2024-05-11 02:48:00+00:00,-93.4,44.8,54.1,20.6,102.2,"red,green,purple/pink/magenta","red,green,purple/pink/magenta",
2024-05-10 05:00:00+00:00,-93.6,44.4,53.7,22.7,115.8,"green,purple/pink/magenta","green,purple/pink/magenta",
2024-05-10 05:30:00+00:00,-92.9,45.4,54.7,23.3,116.2,green,green,
2024-05-11 08:00:00+00:00,-111.7,53.7,60.7,24.0,107.8,"red,green,blue,purple/pink/magenta","red,green,blue,purple/pink/magenta",
2024-05-11 05:45:00+00:00,-114.0,50.9,57.6,21.6,107.2,"green,purple/pink/magenta","green,purple/pink/magenta",
2024-05-11 06:30:00+00:00,-110.7,50.0,57.3,22.6,111.1,"red,green,purple/pink/magenta","green,purple/pink/magenta",
2024-05-11 02:00:00+00:00,-89.9,39.9,49.5,20.1,100.3,"green,purple/pink/magenta","green,purple/pink/magenta",
2024-05-11 06:00:00+00:00,-112.8,49.7,56.6,22.0,109.6,"green,purple/pink/magenta","red,blue,purple/pink/magenta",
2024-05-11 02:38:00+00:00,-94.0,46.5,55.7,20.3,99.5,"red,green,purple/pink/magenta","red,green,purple/pink/magenta",
2024-05-11 05:00:00+00:00,-114.1,51.6,58.2,20.8,102.9,"green,purple/pink/magenta","green,purple/pink/magenta",
2024-05-11 04:48:00+00:00,-116.4,52.2,58.5,20.4,100.3,"red,green,purple/pink/magenta","red,green,purple/pink/magenta",
2024-05-11 02:00:00+00:00,-88.0,30.7,40.8,20.3,106.6,green,"red,green",
2024-05-11 06:30:00+00:00,-119.3,46.2,52.1,22.0,113.1,"red,green,purple/pink/magenta","red,green,blue,purple/pink/magenta",
2024-05-11 04:15:00+00:00,-114.2,46.4,53.2,20.1,101.7,"red,green,purple/pink/magenta","red,green,blue,purple/pink/magenta",
2024-05-11 02:17:00+00:00,-92.9,45.2,54.5,20.1,98.0,"green,purple/pink/magenta","green,blue,purple/pink/magenta",
2024-05-10 06:15:00+00:00,-114.1,51.0,57.7,22.1,109.1,"green,blue,purple/pink/magenta","green,blue,purple/pink/magenta",
2024-05-11 02:31:00+00:00,-98.8,39.8,48.9,19.8,99.6,purple/pink/magenta,"red,green,purple/pink/magenta",
2024-05-11 04:28:00+00:00,-110.5,54.3,61.5,20.6,99.1,"green,purple/pink/magenta","red,green,purple/pink/magenta",
2024-05-11 02:45:00+00:00,-93.6,45.3,54.6,20.5,101.4,"green,purple/pink/magenta","red,green,purple/pink/magenta",
2024-05-11 02:24:00+00:00,-91.0,45.8,55.1,20.4,99.6,"green,purple/pink/magenta","green,purple/pink/magenta",
2024-05-11 09:10:00+00:00,-115.2,50.9,57.4,0.9,108.1,,"red,green,blue,purple/pink/magenta",
2024-05-10 23:12:00+00:00,-2.8,56.3,53.5,23.7,104.8,"red,green,purple/pink/magenta","red,green,purple/pink/magenta",Dunes
2024-05-11 01:30:00+00:00,-78.2,43.4,52.2,20.7,100.8,"red,green,purple/pink/magenta","red,green,blue,purple/pink/magenta",STEVE
2024-05-11 06:18:00+00:00,-114.8,50.9,57.4,22.1,109.0,"red,green,blue,purple/pink/magenta","red,green,blue,purple/pink/magenta",
2024-05-11 04:40:00+00:00,-114.5,51.6,58.1,20.5,100.7,"red,green,blue,purple/pink/magenta","red,green,blue,purple/pink/magenta","Dunes,STEVE"
2024-05-11 02:45:00+00:00,-93.2,44.6,54.0,20.5,102.1,"green,purple/pink/magenta","red,green,blue,purple/pink/magenta",
2024-05-11 05:52:00+00:00,-113.9,51.0,57.7,21.7,107.5,purple/pink/magenta,"green,purple/pink/magenta",
2024-05-11 03:00:00+00:00,-94.6,47.1,56.2,20.6,101.6,"red,green,purple/pink/magenta","red,green,blue,purple/pink/magenta",STEVE
2024-05-11 05:01:00+00:00,-93.1,44.8,54.1,22.8,115.3,purple/pink/magenta,"green,purple/pink/magenta",
2024-05-11 06:06:00+00:00,-114.2,51.5,58.1,21.9,107.9,"green,purple/pink/magenta","red,green,purple/pink/magenta",
2024-05-11 05:30:00+00:00,-113.7,53.4,60.0,21.3,104.0,"red,green,blue,purple/pink/magenta","red,green,blue,purple/pink/magenta",
1900-01-01 00:00:00+00:00,-92.8,45.2,,,,"green,purple/pink/magenta","green,purple/pink/magenta",
2024-05-11 06:08:00+00:00,-113.4,50.7,57.5,22.0,109.0,"red,green,purple/pink/magenta","red,green,purple/pink/magenta",
2024-05-11 05:50:00+00:00,-114.2,50.8,57.5,21.7,107.5,"red,green,purple/pink/magenta","red,green,purple/pink/magenta",
2024-05-11 04:50:00+00:00,-113.5,53.5,60.2,20.7,100.6,"red,green,blue,purple/pink/magenta","red,green,blue,purple/pink/magenta",Dunes
2024-05-11 02:59:00+00:00,-97.2,49.9,58.7,20.4,98.3,"red,green,purple/pink/magenta","red,green,purple/pink/magenta",STEVE
2024-05-11 02:30:00+00:00,-92.8,44.7,54.1,20.3,100.1,"green,purple/pink/magenta","green,blue,purple/pink/magenta",
2024-05-11 03:00:00+00:00,-96.6,50.4,59.3,20.4,98.4,"green,purple/pink/magenta","green,blue,purple/pink/magenta",
2024-05-11 04:00:00+00:00,-111.3,47.5,54.8,20.1,100.5,"red,green,blue,purple/pink/magenta","red,green,blue,purple/pink/magenta","Dunes,STEVE"
2024-05-11 05:32:00+00:00,-114.1,51.3,58.0,21.4,105.8,"red,green,blue,purple/pink/magenta","red,green,blue,purple/pink/magenta",
2024-05-11 05:45:00+00:00,-123.4,48.4,53.5,20.9,106.1,"red,green,purple/pink/magenta","red,green,purple/pink/magenta",
2024-05-11 03:30:00+00:00,-97.1,49.9,58.7,20.9,101.9,"red,green,blue","red,green,blue,purple/pink/magenta",
2024-05-11 03:30:00+00:00,-110.9,31.7,39.4,19.8,105.8,purple/pink/magenta,"red,purple/pink/magenta",
2024-05-11 03:30:00+00:00,-97.2,49.9,58.7,20.9,101.9,"green,purple/pink/magenta","green,purple/pink/magenta",
2024-05-11 06:00:00+00:00,-97.2,49.9,58.7,23.3,111.9,"red,green,purple/pink/magenta","red,green,purple/pink/magenta",
2024-05-11 02:15:00+00:00,-92.8,45.0,54.4,20.1,97.8,purple/pink/magenta,"green,purple/pink/magenta",STEVE
2024-05-11 06:30:00+00:00,-114.2,51.5,58.1,22.3,109.1,"green,purple/pink/magenta","green,purple/pink/magenta",Dunes
2024-05-11 02:30:00+00:00,-89.9,46.0,55.3,20.6,100.9,"red,green,purple/pink/magenta","red,green,blue,purple/pink/magenta",
2024-05-11 03:00:00+00:00,-92.5,47.5,56.7,20.8,102.3,"red,green,purple/pink/magenta","red,green,blue,purple/pink/magenta",
2024-05-11 09:00:00+00:00,143.6,-37.5,-48.4,19.0,108.3,"green,purple/pink/magenta","red,green,purple/pink/magenta","Dunes,SAR arc"
2024-05-11 08:02:00+00:00,147.1,-43.2,-54.1,18.4,101.2,"red,green,purple/pink/magenta","red,green,blue,purple/pink/magenta",
2024-05-10 22:50:00+00:00,-1.2,49.0,44.6,23.3,111.2,purple/pink/magenta,"green,purple/pink/magenta",
2024-05-11 03:00:00+00:00,-68.2,-23.0,-14.5,22.4,158.6,red,red,
2024-05-10 19:00:00+00:00,77.6,34.2,30.7,0.4,127.8,,"red,blue",
2024-05-11 11:58:00+00:00,145.4,-16.8,-26.5,21.8,147.4,"red,green,purple/pink/magenta","red,green,purple/pink/magenta",
2024-05-11 03:08:00+00:00,-72.0,-36.6,-25.6,22.3,151.8,,red,
2024-05-10 17:50:00+00:00,88.4,47.7,44.5,23.8,114.4,red,"red,green,blue",
2024-05-11 01:00:00+00:00,-1.1,49.0,44.6,1.4,111.7,,"green,purple/pink/magenta",
2024-05-11 03:09:00+00:00,-72.0,-36.6,-25.6,22.3,151.9,,red,
2024-05-10 21:00:00+00:00,116.8,-20.7,-31.0,5.1,111.9,purple/pink/magenta,purple/pink/magenta,
2024-05-11 12:32:00+00:00,136.9,-35.3,-46.5,21.8,145.2,"red,green,purple/pink/magenta","red,green,purple/pink/magenta",STEVE
2024-05-11 04:27:00+00:00,-112.5,49.5,56.5,20.4,101.7,"green,purple/pink/magenta","green,purple/pink/magenta",
2024-05-11 02:15:00+00:00,-88.4,41.4,50.9,20.5,102.6,"red,purple/pink/magenta","red,green,purple/pink/magenta",
2024-05-10 18:00:00+00:00,144.7,-41.2,-52.2,4.1,127.4,"red,green,purple/pink/magenta","red,green,blue,purple/pink/magenta","Dunes,SAR arc"
2024-05-11 11:06:00+00:00,116.0,-32.0,-43.6,18.9,110.6,"red,purple/pink/magenta",purple/pink/magenta,
2024-05-11 09:15:00+00:00,145.7,-34.5,-45.0,19.3,112.5,"red,green","red,green",
2024-05-11 06:34:00+00:00,169.2,-44.7,-52.1,18.7,101.6,"red,green,blue,purple/pink/magenta","red,green,blue,purple/pink/magenta",STEVE
2024-05-10 23:45:00+00:00,-67.8,-53.9,-41.4,19.4,115.8,red,"red,purple/pink/magenta",
